ID,Player_Name,Club,Nationality,Position,Appearances,Minutes,Goals,Assists,Shots,Shots_On_Target,Conversion_percentage,Big_Chances_Missed,Hit_Woodwork,Offsides,Touches,Passes,Successful_Passes,Passes_Percentage,Crosses,Successful_Crosses,Crosses_Percentage,Final_Third_Passes,Successful_Final_Third_Passes,Final_Third_Passes_Percentage,Through_Balls,Carries,Progressive_Carries,Carries_Ended_with_Goal,Carries_Ended_with_Assist,Carries_Ended_with_Shot,Carries_Ended_with_Chance,Possession_Won,Dispossessed,Clean_Sheets,Clearances,Interceptions,Blocks,Tackles,Ground_Duels,Ground_Duels_Won,gDuels_Percentage,Aerial_Duels,Aerial_Duels_Won,Aerial_Duels_Percentage,Goals_Conceded,xG_Threat_Conceded,Own_Goals,Fouls,Yellow_Cards,Red_Cards,Saves,Saves_Percentage,Penalties_Saved,Clearances_Off_Line,Punches,High_Claims,Goals_Prevented,xG,npxG,xAG,Market_Value_In_Millions
68,Armando Broja,Everton,Albania,ST,10,331,0,0,4,0,0,0,0,3,152,0,0,0,0,0,0,0,0,0,0,0,0,0,0,0,0,0,13,0,4,0,0,3,0,0,0,0,0,0,0,0,0,0,1,0,0,0,0,0,0,0,0,0.1,0.1,0.9,12.000
9,Rayan Ait-Nouri,Wolverhampton Wanderers,Algeria,LB,37,3127,4,7,36,3,9,3,1,6,2315,743,657,88,18,1,6,194,152,78,4,121,53,0,1,0,2,66,47,0,66,13,5,89,56,27,48,33,24,73,0,0,0,0,5,1,0,0,0,0,0,0,0,2.7,2.7,5.5,35.000
326,Emiliano Martinez,Aston Villa,Argentina,GK,37,3195,0,0,0,0,0,0,0,0,1583,0,0,0,0,0,0,0,0,0,0,0,0,0,0,0,0,0,0,8,20,0,0,3,0,0,0,0,0,0,45,46,0,2,5,1,100,69,1,0,3,56,1.2,0,0,0,20.000
70,Emiliano Buendia,Aston Villa,Argentina,AM,12,89,0,0,5,0,0,1,0,0,94,0,0,0,0,0,0,0,0,0,0,0,0,0,0,0,0,0,3,0,1,0,0,6,0,0,0,0,0,0,0,0,0,4,1,0,0,0,0,0,0,0,0,1.7,1.7,0.7,15.000
471,Julio Soler,Bournemouth,Argentina,LB,3,9,0,0,0,0,0,0,0,0,18,0,0,0,0,0,0,0,0,0,0,0,0,0,0,0,0,0,0,0,0,0,0,1,0,0,0,0,0,0,0,0,0,0,0,0,0,0,0,0,0,0,0,3.9,3.9,5.1,8.000
456,Marcos Senesi,Bournemouth,Argentina,CB,17,1108,0,0,3,16,17,2,0,0,918,446,350,79,34,10,29,223,161,72,9,159,104,1,0,17,7,38,6,1,58,5,0,39,108,45,42,21,6,29,0,0,0,22,5,0,0,0,0,0,0,0,0,10.7,10.7,8.5,22.000
175,Enzo Fernandez,Chelsea,Argentina,CM,36,2946,6,7,53,60,20,4,0,2,2327,375,253,68,3,1,33,196,125,64,1,101,45,6,1,13,4,34,28,7,20,5,1,65,111,37,33,108,57,53,0,0,0,52,8,0,0,0,0,0,0,0,0,0,0,0,75.000
13,Carlos Alcaraz,Everton,Argentina,CM,16,770,2,3,27,0,0,1,0,1,429,0,0,0,0,0,0,0,0,0,0,0,0,0,0,0,0,0,13,0,10,0,0,11,0,0,0,0,0,0,0,0,0,14,4,0,0,0,0,0,0,0,0,0.1,0.1,0.1,14.000
72,Facundo Buonanotte,Leicester City,Argentina,AM,31,1513,5,2,36,3,10,2,1,3,988,1104,1003,91,4,0,0,215,179,83,7,223,108,0,0,1,3,83,39,0,12,32,9,53,190,96,51,34,17,50,0,0,0,37,8,0,0,0,0,0,0,0,0,2.5,2.5,1.9,20.000
311,Alexis Mac Allister,Liverpool,Argentina,CM,35,2607,5,5,38,17,17,2,2,2,1954,854,734,86,15,9,60,363,295,81,3,377,209,2,3,17,22,109,22,9,0,11,2,95,218,107,49,25,10,40,0,0,0,62,6,0,0,0,0,0,0,0,0,0,0,0.1,100.000
150,Claudio Echeverri,Manchester City,Argentina,AM,1,5,0,0,0,0,0,0,0,0,5,0,0,0,0,0,0,0,0,0,0,0,0,0,0,0,0,0,1,0,0,0,0,1,0,0,0,0,0,0,0,0,0,0,0,0,0,0,0,0,0,0,0,0.6,0.6,0.5,18.000
327,Lisandro Martinez,Manchester United,Argentina,CB,20,1754,2,1,17,2,0,2,0,0,1555,688,610,89,11,3,27,186,152,82,0,224,104,0,1,4,3,73,3,5,54,24,8,40,150,77,51,17,9,53,0,0,0,22,7,0,0,0,0,0,0,0,0,2.2,2.2,0.2,40.000
188,Alejandro Garnacho,Manchester United,Argentina,LW,36,2195,6,2,84,30,7,14,3,10,1276,750,625,83,55,8,15,366,284,78,2,443,241,1,0,32,19,108,48,3,10,13,0,30,238,99,42,27,3,11,0,0,0,12,3,0,0,0,0,0,0,0,0,0,0,0,45.000
139,Nicolas Dominguez,Nottingham Forest,Argentina,CM,34,1970,0,1,21,8,17,3,0,1,1276,1026,850,83,0,0,0,150,79,53,0,159,71,0,1,0,1,85,12,3,52,27,22,86,84,57,68,141,101,72,0,0,0,33,9,0,0,0,0,0,0,0,0,0.3,0.3,0.1,18.000
434,Cristian Romero,Tottenham Hotspur,Argentina,CB,18,1420,1,0,16,13,9,3,1,2,1418,1059,992,94,8,1,13,344,310,90,2,281,124,1,2,10,6,97,5,2,52,7,9,35,146,76,52,28,14,50,0,0,0,14,3,0,0,0,0,0,0,0,0,0,0,0,50.000
431,Guido Rodriguez,West Ham United,Argentina,DM,23,1155,0,0,8,7,7,0,0,2,735,1118,963,86,3,0,0,130,73,56,0,345,132,0,0,0,3,68,7,1,0,40,12,36,70,43,61,90,64,71,0,0,0,18,6,0,0,0,0,0,0,0,0,0,0,0,10.000
73,Cameron Burgess,Ipswich Town,Australia,CB,18,1540,0,2,10,11,7,2,1,1,994,1300,1143,88,9,3,33,322,248,77,7,415,200,1,0,11,6,197,0,0,125,46,11,17,293,160,55,66,39,59,0,0,0,0,0,0,0,0,0,1,0,0,0,0.7,0.7,0,2.000
309,Massimo Luongo,Ipswich Town,Australia,CM,11,197,0,0,0,0,0,0,0,0,93,0,0,0,0,0,0,0,0,0,0,0,0,0,0,0,0,0,3,0,2,0,0,9,0,0,0,0,0,0,0,0,0,1,0,0,0,0,0,0,0,0,0,2.5,2.5,0.3,0.400
118,Kevin Danso,Tottenham Hotspur,Austria,CB,10,843,0,0,7,0,0,0,0,0,699,0,0,0,0,0,0,0,0,0,0,0,0,0,0,0,0,0,3,0,70,0,0,7,0,0,0,0,0,0,0,0,0,9,0,0,0,0,0,1,0,0,0,2,2,2,25.000
95,Hamza Choudhury,Leicester City,Bangladesh,DM,4,130,0,0,0,0,0,0,0,0,103,0,0,0,0,0,0,0,0,0,0,0,0,0,0,0,0,0,0,0,2,0,0,1,0,0,0,0,0,0,0,0,0,1,0,0,0,0,0,0,0,0,0,0.1,0.1,0,4.500
512,Leandro Trossard,Arsenal,Belgium,LW,38,2550,8,7,72,2,6,9,1,6,1410,950,765,81,68,14,21,295,222,75,3,216,135,0,2,2,11,113,52,5,14,25,8,31,167,89,53,59,35,59,0,0,0,27,2,1,0,0,0,0,0,0,0,0.4,0.4,0,22.000
389,Amadou Onana,Aston Villa,Belgium,DM,26,1624,3,0,17,9,5,2,2,0,1057,786,611,78,48,5,10,344,241,70,5,173,82,0,0,7,4,100,9,2,40,8,2,55,151,61,40,37,14,38,0,0,0,32,4,0,0,0,0,0,0,0,0,4.3,4.3,1.3,50.000
498,Youri Tielemans,Aston Villa,Belgium,CM,36,3032,3,7,41,6,7,3,1,0,2517,722,611,85,55,9,16,219,175,80,1,154,98,0,1,2,5,44,29,4,46,11,9,84,89,50,56,14,5,36,0,0,0,41,4,0,0,0,0,0,0,0,0,3.4,3.4,0.2,38.000
294,Romeo Lavia,Chelsea,Belgium,DM,16,801,0,1,2,0,0,0,0,0,526,0,0,0,0,0,0,0,0,0,0,0,0,0,0,0,0,0,7,0,10,0,0,22,0,0,0,0,0,0,0,0,0,16,4,0,0,0,0,0,0,0,0,0,0,0,40.000
321,Orel Mangala,Everton,Belgium,DM,19,1255,1,0,16,13,9,0,1,2,663,999,875,88,14,2,14,283,238,84,1,333,134,2,0,6,3,115,12,3,21,30,10,16,179,95,53,79,34,43,0,0,0,24,2,0,0,0,0,1,0,0,0,9.6,9.6,4.2,18.000
88,Timothy Castagne,Fulham,Belgium,RB,24,1643,0,1,8,2,0,1,0,1,1194,1353,1182,87,52,11,21,410,338,82,1,384,225,0,1,1,7,189,5,3,75,23,11,46,209,114,55,62,27,44,0,0,0,15,1,0,0,0,0,0,0,0,0,0,0,0,13.000
169,Wout Faes,Leicester City,Belgium,CB,34,2812,1,0,12,16,18,1,0,1,1948,444,305,69,69,14,20,236,143,61,4,283,170,0,1,14,11,85,6,3,184,11,0,42,224,104,46,53,18,34,0,0,0,23,4,0,0,0,0,1,0,0,0,0.3,0.3,0.4,15.000
122,Kevin De Bruyne,Manchester City,Belgium,AM,28,1704,4,7,57,27,20,5,4,5,1425,448,288,64,38,5,13,261,163,63,1,207,121,3,1,14,7,83,28,4,8,5,4,17,226,107,47,170,90,53,0,0,0,17,2,0,0,0,0,0,0,0,0,0.4,0.4,0.1,20.000
138,Jeremy Doku,Manchester City,Belgium,LW,29,1513,3,6,29,6,0,0,0,5,1209,2054,1704,83,13,3,23,429,263,61,0,435,225,0,0,1,1,129,59,3,2,34,26,31,80,47,59,116,76,66,0,0,0,10,1,0,0,0,0,0,0,0,0,0.1,0.1,0.4,50.000
453,Matz Sels,Nottingham Forest,Belgium,GK,38,3420,0,0,0,0,0,0,0,0,1209,0,0,0,0,0,0,0,0,0,0,0,0,0,0,0,0,0,0,13,54,0,0,1,0,0,0,0,0,0,46,50,0,1,4,0,120,72,0,0,28,19,4.3,0,0,0.4,7.000
372,Neto,Arsenal,Brazil,GK,2,180,0,0,0,0,0,0,0,0,80,0,0,0,0,0,0,0,0,0,0,0,0,0,0,0,0,0,0,0,3,0,0,0,0,0,0,0,0,0,0,0,0,0,0,0,11,0,0,0,2,2,0,0,0,0,1.500
314,Gabriel Magalhaes,Arsenal,Brazil,CB,28,2365,3,1,22,25,15,4,1,0,1911,590,466,79,89,21,24,339,254,75,5,337,216,0,3,18,22,78,2,10,89,5,0,25,206,77,37,56,17,30,0,0,0,19,4,0,0,0,0,0,0,0,0,0.6,0.6,0.2,80.000
325,Gabriel Martinelli,Arsenal,Brazil,LW,33,2300,8,4,55,12,10,8,0,8,1083,344,236,69,9,1,11,210,132,63,12,182,110,1,2,15,6,66,38,3,16,10,3,23,237,111,47,72,25,35,0,0,0,16,1,0,0,0,0,0,0,0,0,0.7,0.7,1.6,55.000
253,Gabriel Jesus,Arsenal,Brazil,ST,17,603,3,0,20,0,0,3,1,9,328,0,0,0,0,0,0,0,0,0,0,0,0,0,0,0,0,0,13,1,7,0,0,10,0,0,0,0,0,0,0,0,0,14,4,0,0,0,0,0,0,0,0,20.3,17.2,4.3,32.000
82,Diego Carlos,Aston Villa,Brazil,CB,10,828,0,0,4,0,0,2,0,1,680,0,0,0,0,0,0,0,0,0,0,0,0,0,0,0,0,0,0,1,35,0,0,8,0,0,0,0,0,0,0,0,0,11,1,0,0,0,0,0,0,0,0,0.7,0.7,0.8,9.500
164,Evanilson,Bournemouth,Brazil,ST,31,2335,0,1,73,5,18,14,2,20,630,1633,1523,93,5,0,0,194,158,81,6,389,200,0,0,0,2,97,24,2,21,24,8,16,119,89,75,55,31,56,0,0,0,37,1,1,0,0,0,0,0,0,0,0.2,0.2,0,35.000
376,Gustavo Nunes,Brentford,Brazil,LW,3,11,0,0,0,0,0,0,0,0,7,0,0,0,0,0,0,0,0,0,0,0,0,0,0,0,0,0,0,0,2,0,0,3,0,0,0,0,0,0,0,0,0,0,0,0,0,0,0,0,0,0,0,6.2,4.7,1.9,10.000
496,Igor Thiago,Brentford,Brazil,ST,8,168,0,0,2,0,0,0,0,1,93,0,0,0,0,0,0,0,0,0,0,0,0,0,0,0,0,0,0,0,3,0,0,5,0,0,0,0,0,0,0,0,0,3,0,0,0,0,0,0,0,0,0,1.5,1.5,1,18.000
241,Igor Julio,Brighton,Brazil,CB,13,960,0,0,1,18,24,0,0,0,831,691,587,85,31,9,29,277,219,79,2,363,212,2,0,14,6,172,0,1,38,20,2,5,328,171,52,27,8,30,0,0,0,9,4,0,0,0,0,0,0,0,0,2.1,2.1,0.3,20.000
256,Joao Pedro,Brighton,Brazil,ST,27,1953,10,0,47,5,3,7,1,2,1057,789,683,87,38,10,26,289,232,80,9,201,100,0,2,3,5,100,38,2,12,14,2,16,224,122,55,29,17,59,0,0,0,26,4,1,0,0,0,0,0,0,0,0.4,0.4,0.7,50.000
181,Matheus Franca,Crystal Palace,Brazil,AM,4,52,1,0,6,0,0,0,0,0,34,0,0,0,0,0,0,0,0,0,0,0,0,0,0,0,0,0,0,0,1,0,0,2,0,0,0,0,0,0,0,0,0,0,0,0,0,0,0,0,0,0,0,9.9,7.6,8.5,10.000
404,Andreas Pereira,Fulham,Brazil,AM,33,2022,2,4,39,3,0,4,0,0,1205,1541,1356,88,85,21,25,496,400,81,4,272,168,0,0,2,7,105,22,1,16,21,4,24,107,54,51,21,7,33,0,0,0,28,8,0,0,0,0,0,0,0,0,0.2,0.2,0.1,18.000
545,Willian,Fulham,Brazil,LW,10,253,0,0,7,0,0,0,1,0,233,0,0,0,0,0,0,0,0,0,0,0,0,0,0,0,0,0,1,0,1,0,0,4,0,0,0,0,0,0,0,0,0,1,0,0,0,0,0,0,0,0,0,0,0,0,0.750
528,Carlos Vinicius,Fulham,Brazil,ST,3,13,0,0,1,0,0,0,0,0,10,0,0,0,0,0,0,0,0,0,0,0,0,0,0,0,0,0,0,0,0,0,0,0,0,0,0,0,0,0,0,0,0,0,0,0,0,0,0,0,0,0,0,0.9,0.9,1,3.500
362,Rodrigo Muniz,Fulham,Brazil,ST,31,951,8,1,39,12,6,5,0,3,371,999,820,82,23,6,26,363,272,75,8,260,126,0,1,8,13,182,24,0,14,30,11,10,231,106,46,51,22,43,0,0,0,11,1,0,0,0,0,0,0,0,0,0.2,0.2,0,20.000
15,Alisson Becker,Liverpool,Brazil,GK,28,2509,0,0,0,0,0,0,0,0,1095,0,0,0,0,0,0,0,0,0,0,0,0,0,0,0,0,0,0,9,31,0,0,1,0,0,0,0,0,0,29,31,0,0,0,0,78,73,0,0,18,11,4,1.9,1.9,7.3,20.000
151,Ederson,Manchester City,Brazil,GK,26,2321,0,0,0,0,0,0,0,0,1017,0,0,0,0,0,0,0,0,0,0,0,0,0,0,0,0,0,0,10,16,0,0,0,0,0,0,0,0,0,26,30,0,1,4,0,54,68,0,0,5,13,5.4,0.1,0.1,0.4,20.000
422,Vitor Reis,Manchester City,Brazil,CB,1,1,0,0,0,0,0,0,0,0,4,0,0,0,0,0,0,0,0,0,0,0,0,0,0,0,0,0,0,0,1,0,0,0,0,0,0,0,0,0,0,0,0,0,0,0,0,0,0,0,0,0,0,0,0,0,30.000
446,Savinho,Manchester City,Brazil,LW,29,1770,1,8,55,6,0,6,1,3,1208,1209,1036,86,7,3,43,191,118,62,0,237,127,0,0,1,1,97,38,3,9,21,37,23,90,48,53,172,94,55,0,0,0,17,3,0,0,0,0,0,0,0,0,4.6,4.6,2.5,50.000
84,Casemiro,Manchester United,Brazil,DM,24,1497,1,0,32,6,8,1,1,4,1298,833,677,81,5,1,20,93,43,46,2,159,64,0,0,0,0,51,10,3,48,19,13,83,90,52,58,90,49,54,0,0,0,20,5,0,0,0,0,0,0,0,0,6.7,6.7,0.6,10.000
27,Antony,Manchester United,Brazil,RW,8,135,0,0,6,0,0,1,0,0,109,0,0,0,0,0,0,0,0,0,0,0,0,0,0,0,0,0,1,0,0,0,0,6,0,0,0,0,0,0,0,0,0,2,0,0,0,0,0,0,0,0,0,0.4,0.4,0.8,35.000
212,Bruno Guimaraes,Newcastle United,Brazil,CM,38,3282,5,0,45,41,24,2,1,2,2433,1092,807,74,100,23,23,593,421,71,13,501,267,9,2,30,24,156,76,5,40,14,3,83,276,144,52,110,35,32,0,0,0,65,7,0,0,0,0,0,0,0,0,0,0,0.1,80.000
257,Joelinton,Newcastle United,Brazil,CM,29,2404,4,3,45,7,9,4,0,7,1478,1574,1357,86,28,6,21,449,342,76,5,444,203,0,0,5,6,200,53,7,46,25,4,57,402,193,48,38,11,29,0,0,0,58,10,0,0,0,0,0,0,0,0,0.8,0.8,2.2,35.000
354,Morato,Nottingham Forest,Brazil,CB,26,893,0,0,2,0,0,0,0,0,467,0,0,0,0,0,0,0,0,0,0,0,0,0,0,0,0,0,3,3,75,0,0,22,0,0,0,0,0,0,0,0,0,11,5,0,0,0,0,0,0,0,0,0.2,0.2,0.2,14.000
365,Murillo,Nottingham Forest,Brazil,CB,36,3191,2,0,25,1,33,2,2,0,1995,667,624,94,10,4,40,209,191,91,3,178,102,1,0,2,3,53,10,11,242,7,1,53,111,81,73,21,11,52,0,0,0,27,6,0,0,0,0,3,0,0,0,0.3,0.3,0.1,55.000
116,Danilo,Nottingham Forest,Brazil,DM,8,275,0,0,0,0,0,0,0,0,156,0,0,0,0,0,0,0,0,0,0,0,0,0,0,0,0,0,0,0,2,0,0,8,0,0,0,0,0,0,0,0,0,2,0,0,0,0,0,0,0,0,0,8.6,8.6,7.7,28.000
539,Welington,Southampton,Brazil,LB,10,480,0,0,3,0,0,0,0,1,293,0,0,0,0,0,0,0,0,0,0,0,0,0,0,0,0,0,4,0,33,0,0,21,0,0,0,0,0,0,0,0,0,6,1,0,0,0,0,0,0,0,0,0,0,0,3.000
426,Richarlison,Tottenham Hotspur,Brazil,ST,15,500,4,1,17,0,0,6,0,3,194,0,0,0,0,0,0,0,0,0,0,0,0,0,0,0,0,0,8,0,8,0,0,5,0,0,0,0,0,0,0,0,0,7,2,0,0,0,0,0,0,0,0,1.6,1.6,2.3,20.000
401,Lucas Paqueta,West Ham United,Brazil,AM,33,2384,4,0,41,30,18,1,0,6,1933,826,711,86,32,11,34,459,378,82,2,399,193,2,2,22,21,105,51,3,34,7,0,66,292,122,42,52,14,27,0,0,0,53,10,0,0,0,0,0,0,0,0,0,0,0,28.000
211,Luis Guilherme,West Ham United,Brazil,RW,12,139,0,0,4,0,0,0,1,0,111,0,0,0,0,0,0,0,0,0,0,0,0,0,0,0,0,0,3,0,1,0,0,1,0,0,0,0,0,0,0,0,0,0,0,0,0,0,0,0,0,0,0,1.1,1.1,3.1,15.000
302,Pedro Lima,Wolverhampton Wanderers,Brazil,RB,3,70,0,0,1,0,0,0,0,1,52,0,0,0,0,0,0,0,0,0,0,0,0,0,0,0,0,0,0,0,4,0,0,1,0,0,0,0,0,0,0,0,0,1,0,0,0,0,0,0,0,0,0,0.3,0.3,0.7,5.000
25,Andre,Wolverhampton Wanderers,Brazil,DM,33,2484,0,0,10,1,0,0,0,0,1723,1338,1245,93,0,0,0,226,191,85,5,280,118,0,0,3,5,194,21,5,29,37,8,91,235,141,60,8,2,25,0,0,0,36,7,0,0,0,0,0,0,0,0,1,1,0.5,28.000
196,Joao Gomes,Wolverhampton Wanderers,Brazil,CM,36,2987,3,0,35,14,9,2,1,1,2154,1010,846,84,16,3,19,376,292,78,7,257,125,2,1,3,7,149,51,4,32,23,7,116,263,107,41,107,59,55,0,0,0,70,9,1,0,0,0,0,0,0,0,7.3,7.3,4.5,40.000
112,Matheus Cunha,Wolverhampton Wanderers,Brazil,ST,33,2600,15,6,110,4,11,2,2,8,1749,1079,958,89,40,9,23,441,372,84,3,290,157,0,3,1,4,70,55,3,19,15,4,38,150,73,49,35,15,43,0,0,0,42,4,0,0,0,0,0,0,0,0,0,0,0,60.000
396,Dango Ouattara,Bournemouth,Burkina Faso,RW,32,2006,7,0,62,18,11,12,3,14,1052,1137,854,75,74,19,26,381,250,66,2,256,130,1,2,6,12,171,32,2,48,44,6,35,310,163,53,137,58,42,0,0,0,16,3,0,0,0,0,0,0,0,0,0.6,0.6,0,28.000
136,Nasser Djiga,Wolverhampton Wanderers,Burkina Faso,CB,5,65,0,0,0,0,0,0,0,0,60,0,0,0,0,0,0,0,0,0,0,0,0,0,0,0,0,0,2,0,4,0,0,0,0,0,0,0,0,0,0,0,0,0,0,0,0,0,0,0,0,0,0,0.8,0.8,4.7,10.000
333,Bryan Mbeumo,Brentford,Cameroon,RW,38,3415,20,7,85,23,9,9,1,11,1915,598,504,84,56,13,23,391,325,83,4,320,192,2,4,25,12,70,47,8,51,3,0,49,212,109,51,30,10,33,0,0,0,25,3,0,0,0,0,0,0,0,0,7.4,7.4,5,55.000
42,Carlos Baleba,Brighton,Cameroon,DM,34,2670,3,1,44,9,4,3,1,0,1837,629,558,89,12,1,8,168,132,79,4,125,56,0,0,6,3,64,42,4,43,8,6,79,107,42,39,23,11,48,0,0,0,40,6,1,0,0,0,0,0,0,0,3.2,2.4,1.1,40.000
390,Andre Onana,Manchester United,Cameroon,GK,34,3060,0,0,0,0,0,0,0,0,1455,0,0,0,0,0,0,0,0,0,0,0,0,0,0,0,0,0,0,9,24,0,0,2,0,0,0,0,0,0,44,45,0,0,0,0,90,67,1,0,0,22,1.5,0.8,0.8,0.6,25.000
251,Daniel Jebbison,Bournemouth,Canada,ST,16,105,1,0,5,0,0,2,0,0,92,0,0,0,0,0,0,0,0,0,0,0,0,0,0,0,0,0,5,0,1,0,0,5,0,0,0,0,0,0,0,0,0,2,1,0,0,0,0,0,0,0,0,0.2,0.2,0.2,4.000
66,Ben Brereton,Southampton,Chile,ST,10,448,0,0,11,0,0,2,0,1,215,0,0,0,0,0,0,0,0,0,0,0,0,0,0,0,0,0,4,0,4,0,0,3,0,0,0,0,0,0,0,0,0,4,1,0,0,0,0,0,0,0,0,0.7,0.7,1.4,7.500
149,Jhon Duran,Aston Villa,Colombia,ST,20,626,7,0,31,0,0,7,0,5,295,0,0,0,0,0,0,0,0,0,0,0,0,0,0,0,0,0,15,0,12,0,0,8,0,0,0,0,0,0,0,0,0,14,3,1,0,0,0,0,0,0,0,0.6,0.6,1.1,35.000
464,Luis Sinisterra,Bournemouth,Colombia,LW,12,230,1,0,13,0,0,2,1,1,167,0,0,0,0,0,0,0,0,0,0,0,0,0,0,0,0,0,3,0,7,0,0,7,0,0,0,0,0,0,0,0,0,4,0,0,0,0,0,0,0,0,0,0,0,0.4,15.000
363,Daniel Munoz,Crystal Palace,Colombia,RB,37,3233,4,5,37,24,17,8,1,15,2107,485,415,86,3,0,0,198,162,82,0,151,61,3,0,9,4,46,20,11,94,5,4,123,132,62,47,49,17,35,0,0,0,56,10,0,0,0,0,0,0,0,0,0.2,0.2,1.3,25.000
297,Jefferson Lerma,Crystal Palace,Colombia,DM,33,2277,0,1,26,1,8,0,0,0,1475,732,629,86,10,2,20,163,123,76,1,188,96,0,1,4,8,107,18,3,78,28,10,35,181,94,52,35,13,37,0,0,0,35,9,0,0,0,0,0,0,0,0,4.2,4.2,6.2,10.000
130,Luis Diaz,Liverpool,Colombia,LW,36,2410,0,5,71,0,0,11,2,10,1315,517,435,84,15,3,20,102,67,66,0,90,43,0,0,1,1,42,49,4,7,21,6,39,87,44,51,24,13,54,0,0,0,48,2,0,0,0,0,0,0,0,0,0.8,0.8,0.6,70.000
357,Yerson Mosquera,Wolverhampton Wanderers,Colombia,CB,5,442,0,0,2,0,0,1,1,1,306,0,0,0,0,0,0,0,0,0,0,0,0,0,0,0,0,0,0,0,14,0,0,11,0,0,0,0,0,0,0,0,0,6,2,0,0,0,0,1,0,0,0,1.3,1.3,6.4,8.000
128,Amad Diallo,Manchester United,Cote DIvoire,RW,26,1901,8,6,47,6,18,1,0,9,1319,799,701,88,2,2,100,178,143,80,3,188,87,0,0,4,4,72,35,5,16,26,7,38,155,98,63,54,33,61,0,0,0,21,5,0,0,0,0,0,0,0,0,9.3,7.8,1.9,45.000
60,Willy Boly,Nottingham Forest,Cote DIvoire,CB,6,146,0,0,1,0,0,0,0,0,98,0,0,0,0,0,0,0,0,0,0,0,0,0,0,0,0,0,0,0,12,0,0,6,0,0,0,0,0,0,0,0,0,1,1,0,0,0,0,0,0,0,0,0.6,0.6,0.3,1.500
5,Simon Adingra,Brighton,Cote DIvoire,LW,29,1091,2,2,33,26,12,4,1,4,592,833,700,84,40,9,23,433,354,82,4,342,174,2,7,29,19,85,12,0,6,5,0,23,175,74,42,18,6,33,0,0,0,13,0,0,0,0,0,0,0,0,0,2.5,2.5,2.5,28.000
442,Ibrahim Sangare,Nottingham Forest,Cote DIvoire,DM,13,590,0,0,1,0,0,0,0,0,421,0,0,0,0,0,0,0,0,0,0,0,0,0,0,0,0,0,4,0,13,0,0,0,0,0,0,0,0,0,0,0,0,15,3,0,0,0,0,0,0,0,0,0.2,0.2,0.2,24.000
106,Maxwel Cornet,West Ham United,Cote DIvoire,LW,2,71,0,0,1,0,0,0,0,1,36,0,0,0,0,0,0,0,0,0,0,0,0,0,0,0,0,0,0,0,2,0,0,5,0,0,0,0,0,0,0,0,0,0,1,0,0,0,0,0,0,0,0,2.5,2.5,1.8,8.000
6,Emmanuel Agbadou,Wolverhampton Wanderers,Cote DIvoire,CB,16,1411,1,0,7,20,11,0,0,1,1201,1778,1489,84,45,9,20,670,499,75,14,415,181,0,1,8,16,156,4,4,89,13,7,30,293,144,49,48,15,31,0,0,0,7,3,0,0,0,0,0,0,0,0,0.8,0.8,0.2,20.000
216,Josko Gvardiol,Manchester City,Croatia,CB,37,3279,5,0,40,4,7,8,2,3,3194,1182,1039,88,28,4,14,421,350,83,2,275,164,0,1,2,4,94,16,11,111,22,4,58,198,111,56,42,22,52,0,0,0,16,2,0,0,0,0,1,0,0,0,0.1,0.1,0,75.000
285,Mateo Kovacic,Manchester City,Croatia,CM,31,2202,6,2,45,14,5,0,0,0,2206,1236,1045,85,40,7,18,404,322,80,9,399,219,0,1,8,10,179,29,4,21,28,8,69,362,193,53,24,15,63,0,0,0,24,5,1,0,0,0,0,0,0,0,1.6,1.6,1.2,20.000
250,Vitezslav Jaros,Liverpool,Czech Republic,GK,1,11,0,0,0,0,0,0,0,0,11,0,0,0,0,0,0,0,0,0,0,0,0,0,0,0,0,0,0,0,1,0,0,0,0,0,0,0,0,0,0,0,0,0,0,0,1,0,0,0,1,0,0,2.3,2.3,1.3,4.000
280,Antonin Kinsky,Tottenham Hotspur,Czech Republic,GK,6,540,0,0,0,0,0,0,0,0,273,0,0,0,0,0,0,0,0,0,0,0,0,0,0,0,0,0,0,1,15,0,0,3,0,0,0,0,0,0,0,0,0,0,0,0,24,0,0,0,6,10,0,0,0,0,15.000
107,Vladimir Coufal,West Ham United,Czech Republic,RB,22,1061,0,0,7,1,0,0,0,0,769,199,139,70,46,7,15,73,46,63,0,88,63,0,0,5,6,50,8,0,36,10,1,22,69,33,48,29,8,28,0,0,1,22,5,0,0,0,0,0,0,0,0,0.2,0.2,0.3,5.000
473,Tomas Soucek,West Ham United,Czech Republic,DM,35,2570,9,0,55,2,8,6,1,4,1337,1177,1075,91,0,0,0,102,70,69,2,219,119,0,0,1,0,41,15,5,84,11,7,46,43,30,70,70,42,60,0,0,0,47,8,0,0,0,0,0,0,0,0,0,0,0,18.000
56,Philip Billing,Bournemouth,Denmark,CM,10,176,0,0,5,0,0,0,0,0,155,0,0,0,0,0,0,0,0,0,0,0,0,0,0,0,0,0,4,0,2,0,0,14,0,0,0,0,0,0,0,0,0,3,1,0,0,0,0,0,0,0,0,0.7,0.7,0.6,10.000
432,Mads Roerslev,Brentford,Denmark,RB,19,1096,0,0,5,5,0,0,0,0,670,1214,1081,89,53,10,19,380,314,83,2,293,137,0,1,4,8,119,6,2,31,24,8,18,140,69,49,24,9,38,0,0,0,6,2,0,0,0,0,0,0,0,0,0.1,0.1,0,6.000
380,Christian Norgaard,Brentford,Denmark,DM,34,2829,5,0,39,12,12,6,1,1,1883,330,299,91,4,0,0,165,146,89,2,92,45,1,1,4,7,29,20,4,64,7,2,79,81,33,41,38,16,42,0,0,0,44,8,1,0,0,0,0,0,0,0,1.1,1.1,1,11.000
252,Mathias Jensen,Brentford,Denmark,CM,24,852,0,2,6,0,0,0,0,0,601,0,0,0,0,0,0,0,0,0,0,0,0,0,0,0,0,0,7,1,13,0,0,14,0,0,0,0,0,0,0,0,0,7,2,0,0,0,0,0,0,0,0,0.1,0.1,0.2,14.000
115,Mikkel Damsgaard,Brentford,Denmark,AM,38,2926,2,10,35,5,11,4,0,6,2034,1350,1086,80,132,35,27,476,345,73,2,426,272,1,3,6,13,169,47,2,0,45,10,83,207,124,60,77,28,36,0,0,0,18,2,0,0,0,0,0,0,0,0,0,0,0,28.000
382,Matt O'Riley,Brighton,Denmark,CM,21,937,2,0,22,10,11,2,1,2,554,1370,1238,90,6,2,33,118,79,67,0,330,143,0,0,0,2,68,4,0,9,33,20,16,72,44,61,88,58,66,0,0,1,16,1,0,0,0,0,0,0,0,0,3.5,3.5,6.7,22.000
265,Filip Jorgensen,Chelsea,Denmark,GK,6,540,0,0,0,0,0,0,0,0,212,0,0,0,0,0,0,0,0,0,0,0,0,0,0,0,0,0,0,1,0,0,0,0,0,0,0,0,0,0,0,0,0,1,0,0,20,0,0,0,0,2,0,3.9,3.9,2.5,18.000
304,Jesper Lindstrom,Everton,Denmark,RW,25,1240,0,1,28,7,18,4,0,1,679,1031,923,90,10,2,20,261,209,80,2,283,141,0,0,2,4,112,24,1,14,20,11,45,174,95,55,50,26,52,0,0,0,15,2,0,0,0,0,0,0,0,0,0,0,0.1,18.000
23,Joachim Andersen,Fulham,Denmark,CB,30,2663,0,0,20,3,0,0,0,0,2466,338,294,87,18,1,6,152,128,84,0,150,87,0,2,7,7,40,4,4,193,6,6,0,127,55,43,20,5,25,0,0,1,20,7,1,0,0,0,2,0,0,0,0,0,0,27.000
229,Mads Hermansen,Leicester City,Denmark,GK,27,2385,0,0,0,0,0,0,0,0,1252,0,0,0,0,0,0,0,0,0,0,0,0,0,0,0,0,0,0,1,33,0,0,1,0,0,0,0,0,0,58,57,0,0,1,0,103,64,1,0,20,26,2.5,3.5,3.5,3.7,15.000
526,Jannik Vestergaard,Leicester City,Denmark,CB,18,1395,0,0,3,3,0,0,0,0,1114,1184,981,83,5,0,0,217,120,55,1,261,167,0,0,0,0,93,0,0,74,27,23,22,81,56,69,105,62,59,0,0,1,12,5,0,0,0,0,1,0,0,0,0.3,0.3,1.5,2.000
54,Victor Bernth Kristiansen,Leicester City,Denmark,LB,30,2489,0,1,3,8,11,1,0,3,1682,2923,2680,92,1,0,0,506,395,78,1,587,325,0,0,1,2,115,13,1,66,56,16,87,87,54,62,165,119,72,0,0,1,19,1,0,0,0,0,0,0,0,0,0,0,0,15.000
140,Patrick Dorgu,Manchester United,Denmark,LB,12,842,0,0,10,0,0,0,0,3,648,0,0,0,0,0,0,0,0,0,0,0,0,0,0,0,0,0,10,2,19,0,0,31,0,0,0,0,0,0,0,0,0,17,3,1,0,0,0,0,0,0,0,0,0,0,25.000
161,Christian Eriksen,Manchester United,Denmark,AM,23,1059,1,2,15,16,13,0,1,0,865,1394,1153,83,17,5,29,397,285,72,4,203,85,0,0,1,0,193,5,1,8,49,20,19,211,111,53,84,52,62,0,0,0,8,4,0,0,0,0,0,0,0,0,0,0,0,4.000
384,Chidozie Obi Martin,Manchester United,Denmark,ST,7,160,0,0,5,0,0,0,0,0,49,0,0,0,0,0,0,0,0,0,0,0,0,0,0,0,0,0,0,0,1,0,0,2,0,0,0,0,0,0,0,0,0,3,1,0,0,0,0,0,0,0,0,4.8,4.8,2.1,5.000
240,Rasmus Hojlund,Manchester United,Denmark,ST,32,2013,4,0,32,13,11,6,0,13,586,1377,1194,87,63,14,22,405,330,82,3,420,225,1,3,7,12,145,33,0,6,26,6,3,356,198,56,52,22,42,0,0,0,17,2,0,0,0,0,0,0,0,0,2.7,2.7,1.5,35.000
395,William Osula,Newcastle United,Denmark,ST,14,124,1,0,4,0,0,0,0,1,68,0,0,0,0,0,0,0,0,0,0,0,0,0,0,0,0,0,6,0,1,0,0,2,0,0,0,0,0,0,0,0,0,4,0,0,0,0,0,0,0,0,0,0,0,0.1,7.000
208,Albert Gronbaek,Southampton,Denmark,AM,4,143,0,0,2,0,0,0,0,0,43,0,0,0,0,0,0,0,0,0,0,0,0,0,0,0,0,0,4,0,1,0,0,4,0,0,0,0,0,0,0,0,0,0,0,0,0,0,0,0,0,0,0,0.3,0.3,0.1,11.000
551,Yoane Wissa,Brentford,DR Congo,ST,35,2927,19,0,90,13,7,17,1,14,1020,1933,1662,86,28,4,14,637,472,74,24,380,180,0,2,6,10,145,35,5,19,23,16,22,290,169,58,42,24,57,0,0,0,34,5,0,0,0,0,0,0,0,0,0,0,0.1,32.000
514,Axel Tuanzebe,Ipswich Town,DR Congo,CB,22,1717,0,0,4,1,0,1,0,0,1011,1011,890,88,4,1,25,105,59,56,1,207,103,0,0,0,0,41,1,1,54,12,18,31,48,24,50,98,53,54,0,0,1,17,3,1,0,0,0,0,0,0,0,0.2,0.2,0,5.000
163,Pervis Estupinian,Brighton,Ecuador,LB,30,2403,1,1,28,16,13,1,0,3,2001,852,755,89,26,10,39,437,363,83,7,270,114,2,0,21,11,61,27,3,57,9,1,65,131,61,47,12,3,25,0,0,0,36,5,0,0,0,0,0,0,0,0,1.8,1.8,1.1,30.000
444,Jeremy Sarmiento,Brighton,Ecuador,LW,1,8,0,0,0,0,0,0,0,0,8,0,0,0,0,0,0,0,0,0,0,0,0,0,0,0,0,0,0,0,0,0,0,0,0,0,0,0,0,0,0,0,0,0,0,0,0,0,0,0,0,0,0,6.6,6.6,7.8,7.000
77,Moises Caicedo,Chelsea,Ecuador,DM,38,3356,1,2,20,22,11,0,1,0,2721,1213,979,81,45,13,29,550,413,75,19,341,197,0,5,6,15,127,25,10,53,23,5,114,246,113,46,96,41,43,0,0,0,70,11,0,0,0,0,0,0,0,0,2,2,0.9,90.000
356,Sam Morsy,Ipswich Town,Egypt,CM,33,2753,1,1,13,12,19,0,0,0,1764,187,144,77,8,2,25,61,43,71,0,61,29,0,0,2,0,42,13,1,44,6,2,68,78,28,36,17,6,35,0,0,1,48,10,0,0,0,0,0,0,0,0,4.1,4.1,5,0.500
438,Mohamed Salah,Liverpool,Egypt,RW,38,3377,29,18,130,22,7,24,6,18,1864,769,691,90,81,21,26,274,232,85,2,435,231,0,0,26,14,138,67,8,5,4,1,21,435,194,45,51,11,22,0,0,0,25,1,0,0,0,0,0,0,0,0,1.2,1.2,4.6,50.000
324,Omar Marmoush,Manchester City,Egypt,ST,16,1182,7,0,49,19,7,3,1,10,561,788,665,84,76,16,21,296,228,77,4,405,223,0,1,18,13,110,19,3,3,11,2,13,315,128,41,33,7,21,0,0,0,15,0,0,0,0,0,0,0,0,0,1.8,1.8,0.6,75.000
542,Ben White,Arsenal,England,RB,17,1198,0,2,9,12,13,0,0,1,833,1678,1493,89,51,10,20,714,592,83,4,583,296,0,0,5,17,107,6,5,38,23,6,20,231,116,50,16,5,31,0,0,0,10,2,0,0,0,0,0,0,0,0,0,0,0,45.000
300,Myles Lewis-Skelly,Arsenal,England,LB,23,1370,1,0,3,6,12,0,0,0,964,1961,1693,86,8,2,25,288,170,59,3,459,267,0,0,1,2,162,9,3,24,34,57,22,129,75,58,189,119,63,0,0,0,11,3,2,0,0,0,0,0,0,0,0.4,0.4,0.8,45.000
379,Ethan Nwaneri,Arsenal,England,AM,26,889,4,0,24,0,0,0,3,6,601,0,0,0,0,0,0,0,0,0,0,0,0,0,0,0,0,0,17,1,4,0,0,11,0,0,0,0,0,0,0,0,0,9,1,0,0,0,0,0,0,0,0,0,0,0,55.000
424,Declan Rice,Arsenal,England,DM,35,2833,4,7,48,18,15,2,0,2,2016,789,641,81,63,7,11,480,364,76,11,411,260,3,2,18,22,121,32,7,50,13,5,53,342,121,35,26,10,39,0,0,0,21,5,1,0,0,0,0,0,0,0,0.1,0.1,0.1,120.000
437,Bukayo Saka,Arsenal,England,RW,25,1735,6,10,67,2,25,8,0,7,1094,643,556,87,1,0,0,55,33,60,1,167,69,0,0,1,0,44,40,2,6,15,14,29,58,34,59,45,23,51,0,0,0,15,3,0,0,0,0,0,0,0,0,3.7,3.7,0.9,150.000
479,Raheem Sterling,Arsenal,England,RW,17,496,0,2,11,0,0,1,0,4,300,0,0,0,0,0,0,0,0,0,0,0,0,0,0,0,0,0,14,0,3,0,0,9,0,0,0,0,0,0,0,0,0,12,1,0,0,0,0,0,0,0,0,4.5,4.5,1.4,10.000
76,Nathan Butler-Oyedeji,Arsenal,England,ST,1,6,0,0,1,0,0,0,0,0,1,0,0,0,0,0,0,0,0,0,0,0,0,0,0,0,0,0,0,0,0,0,0,0,0,0,0,0,0,0,0,0,0,0,0,0,0,0,0,0,0,0,0,1.1,1.1,0.5,1.000
284,Ezri Konsa,Aston Villa,England,CB,34,2937,2,0,11,11,10,0,1,0,1987,1942,1641,85,13,1,8,373,226,61,4,421,232,0,0,7,2,134,10,8,107,45,25,34,117,56,48,134,59,44,0,0,0,9,1,0,0,0,0,3,0,0,0,0,0,0.1,35.000
347,Tyrone Mings,Aston Villa,England,CB,14,1121,0,0,9,0,0,1,0,0,809,1027,840,82,68,22,32,241,171,71,1,266,134,0,0,2,6,99,0,3,59,42,15,7,195,112,57,65,23,35,0,0,0,4,1,0,0,0,0,0,0,0,0,0.1,0.1,0,5.000
416,Jacob Ramsey,Aston Villa,England,CM,29,1628,1,3,19,8,13,2,1,5,830,768,654,85,23,0,0,401,322,80,7,329,182,1,0,14,19,99,23,0,8,2,0,30,143,69,48,17,6,35,0,0,0,13,2,1,0,0,0,0,0,0,0,0.5,0.5,0.3,32.000
43,Ross Barkley,Aston Villa,England,CM,20,569,3,1,16,0,0,1,0,0,493,0,0,0,0,0,0,0,0,0,0,0,0,0,0,0,0,0,8,1,5,0,0,14,0,0,0,0,0,0,0,0,0,8,3,0,0,0,0,0,0,0,0,0,0,0,6.000
433,Morgan Rogers,Aston Villa,England,AM,37,3129,8,10,55,6,8,11,1,2,1528,1420,1129,80,8,2,25,352,216,61,8,307,187,0,0,6,3,142,74,5,18,36,42,43,151,86,57,67,44,66,0,0,0,50,10,0,0,0,0,0,0,0,0,0,0,0,55.000
417,Marcus Rashford,Aston Villa,England,LW,25,1426,6,3,35,17,5,5,4,8,706,792,636,80,52,16,31,410,323,79,5,323,177,1,1,16,13,119,7,2,9,5,3,17,227,99,44,59,26,44,0,0,0,9,2,0,0,0,0,0,0,0,0,2,2,0.2,50.000
536,Ollie Watkins,Aston Villa,England,ST,38,2610,16,8,84,17,14,27,2,16,784,286,241,84,13,4,31,162,131,81,2,144,83,2,0,12,4,37,50,4,14,6,1,10,116,53,46,16,5,31,0,0,0,29,2,0,0,0,0,0,0,0,0,0,0,0,40.000
467,Adam Smith,Bournemouth,England,RB,25,1596,0,0,3,0,0,1,0,0,855,526,414,79,33,7,21,169,110,65,1,96,52,0,0,1,2,50,7,3,38,15,5,24,88,42,48,29,14,48,0,0,0,19,7,0,0,0,0,0,0,0,0,0.8,0.8,0.2,0.750
231,James Hill,Bournemouth,England,CB,10,448,0,0,6,0,0,0,0,0,330,0,0,0,0,0,0,0,0,0,0,0,0,0,0,0,0,0,0,0,31,0,0,15,0,0,0,0,0,0,0,0,0,7,1,0,0,0,0,0,0,0,0,9.5,9.5,2.4,3.000
273,Lloyd Kelly,Bournemouth,England,CB,10,301,0,1,3,0,0,0,0,0,229,0,0,0,0,0,0,0,0,0,0,0,0,0,0,0,0,0,0,0,15,0,0,5,0,0,0,0,0,0,0,0,0,5,2,0,0,0,0,0,0,0,0,0,0,0,18.000
1,Max Aarons,Bournemouth,England,RB,3,85,0,0,0,0,0,0,0,0,75,0,0,0,0,0,0,0,0,0,0,0,0,0,0,0,0,0,0,0,0,0,0,2,0,0,0,0,0,0,0,0,0,0,0,0,0,0,0,0,0,0,0,0,0,0,6.000
452,Alex Scott,Bournemouth,England,CM,20,751,0,0,15,0,0,0,0,0,523,0,0,0,0,0,0,0,0,0,0,0,0,0,0,0,0,0,8,0,11,0,0,27,0,0,0,0,0,0,0,0,0,17,3,0,0,0,0,0,0,0,0,2.2,2.2,3.7,20.000
550,Ben Winterburn,Bournemouth,England,DM,4,22,0,0,0,0,0,0,0,0,10,0,0,0,0,0,0,0,0,0,0,0,0,0,0,0,0,0,0,0,0,0,0,0,0,0,0,0,0,0,0,0,0,0,0,0,0,0,0,0,0,0,0,9.6,8.8,1.4,0.500
105,Lewis Cook,Bournemouth,England,CM,36,2978,1,3,14,3,0,0,0,3,1965,1934,1768,91,5,0,0,304,217,71,2,391,201,0,0,0,1,104,18,5,66,13,18,81,46,27,59,83,52,63,0,0,0,49,8,1,0,0,0,0,0,0,0,0.6,0.6,0,15.000
491,Marcus Tavernier,Bournemouth,England,AM,29,1938,3,5,57,5,6,6,4,4,1303,589,479,81,10,5,50,119,78,66,6,147,74,0,0,3,2,73,47,0,9,27,7,44,110,69,63,41,25,61,0,0,0,34,6,0,0,0,0,0,0,0,0,1.1,1.1,0,18.000
420,Remy Rees-Dottin,Bournemouth,England,ST,1,1,0,0,0,0,0,0,0,0,0,0,0,0,0,0,0,0,0,0,0,0,0,0,0,0,0,0,0,0,0,0,0,0,0,0,0,0,0,0,0,0,0,0,0,0,0,0,0,0,0,0,0,0,0,0,0.300
459,Zain Silcott-Duberry,Bournemouth,England,LW,1,1,0,0,0,0,0,0,0,0,3,0,0,0,0,0,0,0,0,0,0,0,0,0,0,0,0,0,0,0,0,0,0,1,0,0,0,0,0,0,0,0,0,0,0,0,0,0,0,0,0,0,0,0,0,0,0.200
340,Ben Mee,Brentford,England,CB,7,181,0,0,0,0,0,0,0,0,139,0,0,0,0,0,0,0,0,0,0,0,0,0,0,0,0,0,0,0,7,0,0,2,0,0,0,0,0,0,0,0,0,5,2,0,0,0,0,0,0,0,0,0.7,0.7,1.5,0.700
341,Jayden Meghoma,Brentford,England,LB,1,4,0,0,0,0,0,0,0,0,3,0,0,0,0,0,0,0,0,0,0,0,0,0,0,0,0,0,0,0,0,0,0,0,0,0,0,0,0,0,0,0,0,0,0,0,0,0,0,0,0,0,0,12.3,7.5,8.3,0.500
228,Rico Henry,Brentford,England,LB,5,94,0,0,0,0,0,0,0,0,68,0,0,0,0,0,0,0,0,0,0,0,0,0,0,0,0,0,0,0,2,0,0,2,0,0,0,0,0,0,0,0,0,2,0,0,0,0,0,0,0,0,0,0,0,0,15.000
315,Edmond Paris Maghoma,Brentford,England,CM,8,112,0,0,1,0,0,0,0,0,107,0,0,0,0,0,0,0,0,0,0,0,0,0,0,0,0,0,0,0,1,0,0,2,0,0,0,0,0,0,0,0,0,2,0,0,0,0,0,0,0,0,0,1.2,1.2,2.7,0.800
510,Ryan Trevitt,Brentford,England,CM,1,3,0,0,0,0,0,0,0,0,8,0,0,0,0,0,0,0,0,0,0,0,0,0,0,0,0,0,0,0,0,0,0,1,0,0,0,0,0,0,0,0,0,0,0,0,0,0,0,0,0,0,0,0.4,0.4,1.4,0.275
299,Keane Lewis-Potter,Brentford,England,LW,38,3101,1,3,28,2,0,4,1,4,1713,767,636,83,38,10,26,240,191,80,1,179,91,0,0,4,2,74,20,7,66,32,12,49,143,79,55,48,26,54,0,0,0,18,7,0,0,0,0,1,0,0,0,0.2,0.2,0.9,23.000
477,Jason Steele,Brighton,England,GK,2,180,0,0,0,0,0,0,0,0,121,0,0,0,0,0,0,0,0,0,0,0,0,0,0,0,0,0,0,1,3,0,0,0,0,0,0,0,0,0,0,0,0,0,0,0,3,0,0,0,2,2,0,0.6,0.6,0.7,11.000
537,Adam Webster,Brighton,England,CB,14,888,0,0,5,0,0,1,0,1,840,0,0,0,0,0,0,0,0,0,0,0,0,0,0,0,0,0,1,3,40,0,0,10,0,0,0,0,0,0,0,0,0,7,1,0,0,0,0,1,0,0,0,0.1,0.1,0.1,11.000
148,Lewis Dunk,Brighton,England,CB,25,2083,0,0,12,1,0,3,0,2,2151,1313,1121,85,43,9,21,363,285,79,4,281,169,0,1,6,7,119,3,3,78,18,15,17,160,90,56,61,30,49,0,0,1,7,5,0,0,0,0,0,0,0,0,0.4,0.4,0,6.000
232,Jack Hinshelwood,Brighton,England,DM,26,1846,5,2,18,2,25,2,0,0,1222,938,867,92,1,0,0,125,105,84,0,208,98,0,0,0,1,44,3,2,37,13,12,27,71,38,54,16,6,38,0,0,0,18,5,0,0,0,0,0,0,0,0,0.1,0.1,0,24.000
346,James Milner,Brighton,England,CM,4,173,0,0,2,0,0,0,0,0,95,0,0,0,0,0,0,0,0,0,0,0,0,0,0,0,0,0,0,0,2,0,0,5,0,0,0,0,0,0,0,0,0,3,1,0,0,0,0,0,0,0,0,1.1,1.1,5.2,1.000
235,Harry Howell,Brighton,England,AM,1,6,0,0,0,0,0,0,0,0,12,0,0,0,0,0,0,0,0,0,0,0,0,0,0,0,0,0,0,0,0,0,0,1,0,0,0,0,0,0,0,0,0,0,0,0,0,0,0,0,0,0,0,0,0,0.2,0.000
323,Solly March,Brighton,England,RW,8,162,0,0,2,0,0,0,0,3,126,0,0,0,0,0,0,0,0,0,0,0,0,0,0,0,0,0,0,0,1,0,0,6,0,0,0,0,0,0,0,0,0,2,2,0,0,0,0,0,0,0,0,0.1,0.1,0.1,6.000
538,Danny Welbeck,Brighton,England,ST,30,2122,10,0,60,2,0,9,2,4,791,1502,1190,79,8,1,13,277,133,48,0,277,133,0,0,1,0,110,28,2,14,33,47,26,110,73,66,203,117,58,0,0,0,11,5,0,0,0,0,0,0,0,0,0,0,0,5.000
104,Levi Colwill,Chelsea,England,CB,35,3149,2,1,17,4,7,5,0,5,2965,1378,1129,82,48,14,29,450,333,74,3,255,135,0,1,0,8,187,8,10,116,41,11,47,206,104,51,75,41,55,0,0,0,45,9,0,0,0,0,1,0,0,0,0.4,0.4,0.1,55.000
4,Tosin Adarabioyo,Chelsea,England,CB,22,1404,1,1,13,3,0,2,2,1,1348,1665,1441,87,13,3,23,196,133,68,0,387,215,0,0,1,3,116,0,7,79,25,15,17,153,96,63,80,53,66,0,0,0,8,4,0,0,0,0,0,0,0,0,0.9,0.9,0.2,20.000
89,Trevoh Chalobah,Chelsea,England,CB,25,1974,3,1,18,2,0,2,0,1,1419,1056,897,85,3,1,33,237,173,73,2,228,93,0,0,2,3,114,9,5,104,32,10,31,205,108,53,49,31,63,0,0,0,19,3,0,0,0,0,0,0,0,0,0.5,0.5,1.1,25.000
2,Joshua Acheampong,Chelsea,England,RB,4,169,0,0,2,0,0,1,0,0,139,0,0,0,0,0,0,0,0,0,0,0,0,0,0,0,0,0,0,0,1,0,0,2,0,0,0,0,0,0,0,0,0,0,1,0,0,0,0,0,0,0,0,0.2,0.2,0,8.000
248,Reece James,Chelsea,England,RB,19,1064,1,0,11,6,20,1,1,0,985,479,421,88,11,2,18,181,159,88,0,118,62,0,0,0,1,35,9,2,21,9,6,10,76,42,55,37,22,60,0,0,0,8,1,0,0,0,0,1,0,0,0,5.3,5.3,1.8,30.000
127,Kiernan Dewsbury-Hall,Chelsea,England,CM,13,259,0,1,1,0,0,0,0,0,193,0,0,0,0,0,0,0,0,0,0,0,0,0,0,0,0,0,3,0,7,0,0,8,0,0,0,0,0,0,0,0,0,4,0,0,0,0,0,0,0,0,0,0.8,0.8,1.2,20.000
399,Cole Palmer,Chelsea,England,AM,37,3195,15,8,126,2,50,14,6,7,2005,1067,976,92,0,0,0,89,44,49,2,225,116,0,0,0,1,62,37,5,19,13,23,34,30,16,53,35,13,37,0,0,0,15,7,0,0,0,0,0,0,0,0,0,0,0.2,120.000
441,Jadon Sancho,Chelsea,England,RW,31,1764,3,0,24,3,33,3,0,6,1052,605,492,81,18,6,33,135,84,62,0,106,63,0,0,0,3,52,21,3,7,4,3,13,64,34,53,73,42,58,0,0,0,6,2,0,0,0,0,0,0,0,0,0,0,0,28.000
313,Noni Madueke,Chelsea,England,RW,32,2046,7,3,80,7,0,14,4,5,1077,1091,897,82,63,16,25,304,235,77,1,346,196,0,1,11,7,139,25,2,10,23,10,25,247,124,50,70,28,40,0,0,0,22,3,0,0,0,0,0,0,0,0,0.3,0.3,2.6,40.000
190,Tyrique George,Chelsea,England,LW,8,178,1,0,3,0,0,1,0,2,73,0,0,0,0,0,0,0,0,0,0,0,0,0,0,0,0,0,0,0,1,0,0,2,0,0,0,0,0,0,0,0,0,3,1,0,0,0,0,0,0,0,0,0,0,0.1,10.000
343,Shumaira Mheuka,Chelsea,England,ST,1,1,0,0,1,0,0,0,0,0,2,0,0,0,0,0,0,0,0,0,0,0,0,0,0,0,0,0,0,0,0,0,0,0,0,0,0,0,0,0,0,0,0,0,0,0,0,0,0,0,0,0,0,1,1,0.7,0.800
227,Dean Henderson,Crystal Palace,England,GK,38,3420,0,0,1,0,0,0,0,0,1407,0,0,0,0,0,0,0,0,0,0,0,0,0,0,0,0,0,0,11,40,0,0,2,0,0,0,0,0,0,51,53,0,0,3,0,104,67,1,0,18,30,5.1,0.4,0.4,0.1,20.000
210,Marc Guehi,Crystal Palace,England,CB,34,3059,3,2,15,0,0,2,0,1,2206,713,552,77,11,3,27,220,117,53,0,200,103,0,0,0,1,71,18,11,156,14,7,61,100,52,52,62,33,53,0,0,3,24,7,1,0,0,0,0,0,0,0,8,6.5,5,45.000
286,Caleb Kporha,Crystal Palace,England,RB,2,11,0,0,0,0,0,0,0,0,13,0,0,0,0,0,0,0,0,0,0,0,0,0,0,0,0,0,0,0,1,0,0,2,0,0,0,0,0,0,0,0,0,0,0,0,0,0,0,0,0,0,0,0.3,0.3,0.4,1.000
534,Joel Ward,Crystal Palace,England,RB,2,72,0,0,0,0,0,0,0,0,32,0,0,0,0,0,0,0,0,0,0,0,0,0,0,0,0,0,0,0,3,0,0,2,0,0,0,0,0,0,0,0,0,4,1,0,0,0,0,0,0,0,0,0.5,0.5,0.5,0.500
99,Nathaniel Clyne,Crystal Palace,England,RB,13,481,0,0,2,0,0,0,0,0,276,0,0,0,0,0,0,0,0,0,0,0,0,0,0,0,0,0,2,0,13,0,0,12,0,0,0,0,0,0,0,0,0,2,1,0,0,0,0,0,0,0,0,0,0,0.4,1.000
93,Ben Chilwell,Crystal Palace,England,LB,8,254,1,0,5,0,0,0,0,2,187,0,0,0,0,0,0,0,0,0,0,0,0,0,0,0,0,0,2,0,11,0,0,7,0,0,0,0,0,0,0,0,0,2,1,0,0,0,0,0,0,0,0,0.8,0.8,1.2,15.000
349,Tyrick Mitchell,Crystal Palace,England,LB,37,3102,0,5,12,1,0,2,0,2,1838,675,596,88,1,0,0,87,67,77,0,185,93,0,0,0,0,38,30,7,95,7,11,91,23,19,83,51,28,55,0,0,0,23,2,0,0,0,0,0,0,0,0,0,0,0,25.000
541,Adam Wharton,Crystal Palace,England,DM,20,1326,0,2,13,5,0,0,0,0,913,679,534,79,18,5,28,245,168,69,5,145,75,0,0,1,4,102,13,0,27,20,2,34,116,57,49,23,7,30,0,0,0,12,2,0,0,0,0,0,0,0,0,0.8,0.8,2.8,45.000
237,Will Hughes,Crystal Palace,England,CM,33,2118,0,3,22,3,33,0,0,0,1278,2547,2409,95,3,0,0,318,268,84,1,480,260,0,0,0,2,154,30,2,26,21,15,66,137,90,66,100,62,62,0,0,0,65,11,0,0,0,0,0,0,0,0,0,0,0,7.000
167,Eberechi Eze,Crystal Palace,England,AM,34,2600,8,8,102,16,7,8,5,9,1586,235,178,76,5,0,0,100,69,69,2,114,73,0,0,12,7,26,45,2,8,3,0,39,119,55,46,59,21,36,0,0,0,13,1,0,0,0,0,0,0,0,0,0,0,0.1,55.000
162,Romain Esse,Crystal Palace,England,RW,7,135,1,1,1,0,0,0,0,0,80,0,0,0,0,0,0,0,0,0,0,0,0,0,0,0,0,0,2,0,1,0,0,9,0,0,0,0,0,0,0,0,0,2,0,0,0,0,0,0,0,0,0,4.5,4.5,5.7,12.000
7,Asher Agbinone,Crystal Palace,England,LW,2,4,0,0,1,0,0,0,0,0,9,0,0,0,0,0,0,0,0,0,0,0,0,0,0,0,0,0,1,0,0,0,0,2,0,0,0,0,0,0,0,0,0,0,0,0,0,0,0,0,0,0,0,0,0,0,0.080
374,Eddie Nketiah,Crystal Palace,England,ST,29,1026,3,0,43,1,0,10,1,5,465,987,854,87,6,4,67,248,191,77,3,261,111,0,1,0,2,88,17,0,10,18,8,15,169,82,49,54,30,56,0,0,0,0,4,1,0,0,0,1,0,0,0,5.7,5.7,8.9,18.000
408,Jordan Pickford,Everton,England,GK,38,3420,0,0,0,0,0,0,1,0,1822,0,0,0,0,0,0,0,0,0,0,0,0,0,0,0,0,0,0,12,52,0,0,1,0,0,0,0,0,0,44,50,0,0,7,0,122,74,2,0,22,31,6,17.3,13.3,10.9,18.000
490,James Tarkowski,Everton,England,CB,33,2924,1,0,15,6,7,2,2,2,1771,875,802,92,9,2,22,220,183,83,0,156,62,0,0,0,0,71,7,10,209,13,5,64,71,32,45,23,13,57,0,0,0,35,6,0,0,0,0,1,0,0,0,1.4,1.4,0.5,9.000
64,Jarrad Branthwaite,Everton,England,CB,30,2510,0,1,10,37,15,2,0,1,1558,700,554,79,60,10,17,334,234,70,7,370,214,5,4,40,20,129,4,8,188,16,4,36,329,136,41,60,12,20,0,0,0,12,4,0,0,0,0,0,0,0,0,0.5,0.5,0.5,50.000
271,Michael Keane,Everton,England,CB,14,1046,3,0,10,2,0,1,1,0,518,797,725,91,0,0,0,86,69,80,0,188,77,0,2,0,2,63,0,3,65,10,8,12,48,23,48,39,19,49,0,0,0,9,5,0,0,0,0,0,0,0,0,7.9,7.9,1.8,5.000
558,Ashley Young,Everton,England,RB,32,1869,1,3,6,0,0,0,0,0,1238,671,578,86,10,2,20,175,140,80,0,130,63,0,0,0,0,49,1,7,56,23,10,58,79,46,58,41,23,56,0,0,0,30,7,1,0,0,0,0,0,0,0,1.6,1.6,2.1,0.500
135,Roman Dixon,Everton,England,RB,1,90,0,0,0,0,0,0,0,0,38,0,0,0,0,0,0,0,0,0,0,0,0,0,0,0,0,0,0,0,2,0,0,5,0,0,0,0,0,0,0,0,0,0,0,0,0,0,0,0,0,0,0,2.5,2.5,1.5,0.200
189,James Garner,Everton,England,DM,21,1594,0,1,12,7,8,0,1,0,1024,1233,963,78,56,11,20,292,187,64,1,212,113,0,1,5,2,88,9,4,34,46,17,47,189,111,59,125,69,55,0,0,0,20,5,0,0,0,0,0,0,0,0,0.3,0.3,0,18.000
33,Harrison Armstrong,Everton,England,CM,3,47,0,0,1,0,0,1,0,0,26,0,0,0,0,0,0,0,0,0,0,0,0,0,0,0,0,0,3,0,1,0,0,0,0,0,0,0,0,0,0,0,0,2,1,0,0,0,0,0,0,0,0,2.7,2.7,1.6,0.800
243,Tim Iroegbunam,Everton,England,CM,18,564,0,0,5,0,0,0,0,0,311,0,0,0,0,0,0,0,0,0,0,0,0,0,0,0,0,0,18,0,11,0,0,29,0,0,0,0,0,0,0,0,0,15,4,0,0,0,0,0,0,0,0,0,0,0,9.000
338,Dwight McNeil,Everton,England,LW,21,1371,4,0,25,29,8,1,0,1,827,914,745,82,29,7,24,352,239,68,11,398,176,1,2,25,15,146,33,3,2,11,0,13,296,157,53,44,7,16,0,0,0,6,1,0,0,0,0,0,0,0,0,1.8,1.8,2.6,25.000
221,Jack Harrison,Everton,England,LW,34,2083,1,0,29,10,28,4,0,4,1041,943,803,85,15,3,20,256,188,73,0,152,74,0,0,1,1,63,41,2,31,16,3,32,82,38,46,36,20,56,0,0,0,13,0,0,0,0,0,0,0,0,0,0,0,0,14.000
32,Adam Armstrong,Everton,England,ST,20,1252,2,2,26,9,8,5,1,9,405,269,225,84,14,3,21,111,85,77,0,95,42,0,1,5,3,23,18,1,8,3,1,12,72,23,32,14,5,36,0,0,0,12,4,0,0,0,0,0,0,0,0,0,0,0,12.000
81,Dominic Calvert-Lewin,Everton,England,ST,26,1613,3,1,50,26,15,16,1,27,596,353,252,71,4,1,25,150,100,67,3,157,74,0,1,12,5,38,33,3,23,1,9,9,198,71,36,107,46,43,0,0,0,27,2,0,0,0,0,0,0,0,0,0.8,0.8,1.1,16.000
457,Ryan Sessegnon,Fulham,England,LB,16,580,4,2,14,0,0,2,0,1,389,0,0,0,0,0,0,0,0,0,0,0,0,0,0,0,0,0,8,0,13,0,0,27,0,0,0,0,0,0,0,0,0,20,1,0,0,0,0,0,0,0,0,5,5,6.9,15.000
419,Harrison Reed,Fulham,England,CM,12,92,0,0,3,0,0,0,0,0,81,0,0,0,0,0,0,0,0,0,0,0,0,0,0,0,0,0,0,0,2,0,0,6,0,0,0,0,0,0,0,0,0,6,2,0,0,0,0,0,0,0,0,1.1,1.1,1.2,6.000
468,Emile Smith Rowe,Fulham,England,AM,34,2061,6,3,37,2,14,2,1,4,1279,996,855,86,2,0,0,114,61,54,1,267,107,0,0,2,1,83,18,0,16,12,13,31,64,44,69,46,26,57,0,0,0,19,3,0,0,0,0,0,0,0,0,1.6,1.6,1.1,30.000
278,Joshua King,Fulham,England,AM,8,126,0,0,3,0,0,0,0,0,100,0,0,0,0,0,0,0,0,0,0,0,0,0,0,0,0,0,6,0,1,0,0,7,0,0,0,0,0,0,0,0,0,3,0,0,0,0,0,0,0,0,0,0.2,0.2,1.2,1.000
194,Martial Godo,Fulham,England,LW,2,21,0,0,0,0,0,0,0,0,26,0,0,0,0,0,0,0,0,0,0,0,0,0,0,0,0,0,0,0,0,0,0,0,0,0,0,0,0,0,0,0,0,1,0,0,0,0,0,0,0,0,0,1.1,1.1,1.7,0.600
371,Reiss Nelson,Fulham,England,LW,12,488,1,1,12,0,0,1,0,1,376,0,0,0,0,0,0,0,0,0,0,0,0,0,0,0,0,0,8,0,2,0,0,9,0,0,0,0,0,0,0,0,0,7,1,0,0,0,0,0,0,0,0,4.9,4.9,5.5,16.000
476,Jay Stansfield,Fulham,England,ST,1,1,0,0,0,0,0,0,0,0,0,0,0,0,0,0,0,0,0,0,0,0,0,0,0,0,0,0,0,0,0,0,0,0,0,0,0,0,0,0,0,0,0,1,0,0,0,0,0,0,0,0,0,0.4,0.4,0.3,11.000
398,Alex Palmer,Ipswich Town,England,GK,13,1170,0,0,0,0,0,0,0,0,524,0,0,0,0,0,0,0,0,0,0,0,0,0,0,0,0,0,0,0,21,0,0,0,0,0,0,0,0,0,30,26,0,1,2,0,45,60,0,0,0,20,-2.2,2.1,2.1,0.7,1.000
531,Christian Walton,Ipswich Town,England,GK,7,630,0,0,0,0,0,0,0,0,296,0,0,0,0,0,0,0,0,0,0,0,0,0,0,0,0,0,0,1,4,0,0,0,0,0,0,0,0,0,0,0,0,0,0,0,20,0,0,0,2,12,0,2.2,2.2,0.7,1.000
193,Ben Godfrey,Ipswich Town,England,CB,3,159,0,0,0,0,0,0,0,0,69,0,0,0,0,0,0,0,0,0,0,0,0,0,0,0,0,0,1,0,3,0,0,1,0,0,0,0,0,0,0,0,0,1,1,0,0,0,0,0,0,0,0,7.1,7.1,4.4,6.000
152,George Edmundson,Ipswich Town,England,CB,1,1,0,0,0,0,0,0,0,0,3,0,0,0,0,0,0,0,0,0,0,0,0,0,0,0,0,0,0,0,0,0,0,0,0,0,0,0,0,0,0,0,0,0,0,0,0,0,0,0,0,0,0,0,0,0,0.800
206,Jacob Greaves,Ipswich Town,England,CB,25,2205,1,0,10,15,19,2,1,1,1447,844,637,76,119,22,19,419,307,73,5,315,172,1,3,13,9,98,0,2,144,13,0,40,181,78,43,21,5,24,0,0,0,16,5,0,0,0,0,0,0,0,0,0.7,0.7,0.9,18.000
554,Luke Woolfenden,Ipswich Town,England,CB,15,1186,0,0,1,2,0,0,0,1,702,442,363,82,31,4,13,130,104,80,0,108,61,0,1,0,5,39,0,1,76,4,5,9,72,35,49,24,10,42,0,0,0,5,2,0,0,0,0,1,0,0,0,0.5,0.5,1.4,2.000
258,Ben Johnson,Ipswich Town,England,RB,23,1348,1,2,7,2,0,3,1,0,660,590,510,86,17,3,18,220,174,79,1,92,60,0,1,3,1,37,17,0,53,16,8,38,67,25,37,27,18,67,0,0,0,27,3,1,0,0,0,0,0,0,0,0,0,0,8.000
97,Harry Clarke,Ipswich Town,England,RB,7,378,0,0,1,0,0,0,0,0,278,0,0,0,0,0,0,0,0,0,0,0,0,0,0,0,0,0,2,0,12,0,0,5,0,0,0,0,0,0,0,0,0,5,1,1,0,0,0,0,0,0,0,0.2,0.2,0.8,4.500
506,Conor Townsend,Ipswich Town,England,LB,6,335,0,0,1,0,0,0,0,0,180,0,0,0,0,0,0,0,0,0,0,0,0,0,0,0,0,0,2,0,14,0,0,11,0,0,0,0,0,0,0,0,0,2,1,0,0,0,0,0,0,0,0,1.4,1.4,0.9,0.800
120,Leif Davis,Ipswich Town,England,LB,33,2746,1,2,16,1,0,0,1,5,1641,757,700,93,1,1,100,93,81,87,2,207,111,0,0,0,1,46,16,2,71,18,3,46,54,33,61,32,16,50,0,0,0,27,5,1,0,0,0,0,0,0,0,0,0,0,22.000
406,Kalvin Phillips,Ipswich Town,England,DM,19,1239,0,0,11,8,3,0,0,0,787,328,275,84,26,8,31,147,112,76,0,218,139,0,1,13,5,63,10,1,35,6,4,35,179,72,40,40,13,33,0,0,0,28,4,1,0,0,0,0,0,0,0,1.3,1.3,0.4,12.000
239,Omari Hutchinson,Ipswich Town,England,AM,31,2590,3,2,45,6,6,2,1,6,1399,483,436,90,6,1,17,147,126,86,0,114,39,0,0,5,2,49,58,0,7,21,2,32,95,47,50,14,6,43,0,0,0,0,5,0,0,0,0,0,0,0,0,0.3,0.3,0.3,22.000
98,Jack Clarke,Ipswich Town,England,LW,32,1170,0,4,17,7,3,2,1,3,625,513,376,73,89,16,18,234,149,64,4,219,131,1,0,9,11,73,22,0,23,10,2,32,212,84,40,32,4,13,0,0,0,15,2,0,0,0,0,0,0,0,0,0,0,0,15.000
407,Jaden Philogene Bidace,Ipswich Town,England,LW,21,800,2,0,19,0,0,4,0,2,406,0,0,0,0,0,0,0,0,0,0,0,0,0,0,0,0,0,13,1,8,0,0,25,0,0,0,0,0,0,0,0,0,20,3,1,0,0,0,0,0,0,0,0,0,0,16.000
90,Conor Chaplin,Ipswich Town,England,ST,22,854,1,1,16,0,0,1,0,0,411,0,0,0,0,0,0,0,0,0,0,0,0,0,0,0,0,0,5,0,3,0,0,15,0,0,0,0,0,0,0,0,0,11,2,0,0,0,0,0,0,0,0,0,0,0,6.000
124,Liam Delap,Ipswich Town,England,ST,37,2612,0,2,68,6,12,10,3,14,821,1314,1183,90,9,3,33,211,157,74,5,349,224,0,1,2,2,81,60,0,28,32,8,11,94,53,56,29,16,55,0,0,0,72,12,0,0,0,0,0,0,0,0,1,1,4.9,40.000
100,Conor Coady,Leicester City,England,CB,22,1713,1,0,2,1,0,0,0,1,1226,558,484,87,0,0,0,69,36,52,1,121,56,0,0,0,2,35,3,2,71,9,11,13,32,21,66,32,21,66,0,0,0,8,3,0,0,0,0,1,0,0,0,1.8,1.8,3.5,2.200
264,James Justin,Leicester City,England,RB,36,2920,2,2,25,17,23,2,1,2,2033,1147,995,87,36,9,25,500,398,80,12,342,147,1,3,14,12,76,15,2,115,12,4,58,238,128,54,13,5,39,0,0,0,29,6,0,0,0,0,0,0,0,0,8.9,5,5,13.000
17,Olabade Aluko,Leicester City,England,RB,1,1,0,0,0,0,0,0,0,0,9,0,0,0,0,0,0,0,0,0,0,0,0,0,0,0,0,0,1,0,0,0,0,1,0,0,0,0,0,0,0,0,0,0,0,0,0,0,0,0,0,0,0,0.5,0.5,0.3,0.000
497,Luke Thomas,Leicester City,England,LB,14,1112,0,0,5,0,0,0,0,0,799,559,495,89,0,0,0,64,36,56,0,150,81,0,0,0,0,38,4,2,45,19,13,31,19,11,58,30,15,50,0,0,0,16,3,0,0,0,0,0,0,0,0,1.6,1.6,1.7,6.000
549,Harry Winks,Leicester City,England,DM,22,1540,0,2,10,21,14,0,0,0,1194,548,450,82,47,14,30,290,227,78,5,278,157,5,0,29,10,55,8,0,18,6,2,24,140,61,44,22,7,32,0,0,0,9,4,0,0,0,0,0,0,0,0,0.2,0.2,0.5,9.000
465,Oliver Skipp,Leicester City,England,DM,24,1120,0,0,5,40,19,0,0,0,643,414,307,74,7,0,0,211,144,68,1,162,105,2,0,18,5,43,7,1,10,8,3,21,164,53,32,126,52,41,0,0,0,21,8,0,0,0,0,0,0,0,0,0.9,0.9,2.8,10.000
195,Michael Golding,Leicester City,England,CM,1,1,0,0,0,0,0,0,0,0,0,0,0,0,0,0,0,0,0,0,0,0,0,0,0,0,0,0,0,0,0,0,0,0,0,0,0,0,0,0,0,0,0,0,0,0,0,0,0,0,0,0,0,0,0,0.2,2.000
19,Will Alves,Leicester City,England,AM,1,1,0,0,0,0,0,0,0,0,1,0,0,0,0,0,0,0,0,0,0,0,0,0,0,0,0,0,0,0,0,0,0,0,0,0,0,0,0,0,0,0,0,0,0,0,0,0,0,0,0,0,0,0.4,0.4,0.8,0.400
352,Jeremy Monga,Leicester City,England,LW,7,105,0,0,3,0,0,0,0,0,57,0,0,0,0,0,0,0,0,0,0,0,0,0,0,0,0,0,0,0,1,0,0,2,0,0,0,0,0,0,0,0,0,0,0,0,0,0,0,0,0,0,0,4,4,1.1,0.000
330,Stephy Mavididi,Leicester City,England,LW,30,1613,4,1,26,8,5,3,0,3,957,2124,1872,88,10,1,10,346,252,73,3,446,248,0,0,0,0,123,35,0,13,30,40,34,100,45,45,113,63,56,0,0,0,18,2,0,0,0,0,0,0,0,0,0.3,0.3,3.2,10.000
165,Jake Evans,Leicester City,England,ST,4,21,0,0,0,0,0,0,0,0,6,0,0,0,0,0,0,0,0,0,0,0,0,0,0,0,0,0,1,0,0,0,0,1,0,0,0,0,0,0,0,0,0,0,0,0,0,0,0,0,0,0,0,1.7,1.7,1.4,0.150
521,Jamie Vardy,Leicester City,England,ST,35,2839,9,0,58,3,40,14,1,27,631,1683,1563,93,1,0,0,124,94,76,0,250,96,0,0,0,0,106,14,0,24,56,34,19,99,51,52,109,72,66,0,0,0,25,5,0,0,0,0,0,0,0,0,0,0,0,1.000
414,Jarell Quansah,Liverpool,England,CB,13,488,0,0,1,0,0,0,0,0,470,0,0,0,0,0,0,0,0,0,0,0,0,0,0,0,0,0,0,0,27,0,0,12,0,0,0,0,0,0,0,0,1,9,2,0,0,0,0,0,0,0,0,0.1,0.1,0,20.000
200,Joe Gomez,Liverpool,England,CB,9,519,0,0,3,0,0,1,0,0,491,0,0,0,0,0,0,0,0,0,0,0,0,0,0,0,0,0,2,1,19,0,0,13,0,0,0,0,0,0,0,0,0,2,1,0,0,0,0,0,0,0,0,0.1,0.1,0,20.000
14,Trent Alexander-Arnold,Liverpool,England,RB,33,2377,3,6,45,7,17,2,3,1,2321,1094,944,86,10,1,10,170,122,72,2,184,93,0,0,0,2,85,15,4,48,29,12,72,104,61,59,76,45,59,0,0,0,11,5,0,0,0,0,0,0,0,0,1.7,1.7,1.6,75.000
261,Curtis Jones,Liverpool,England,CM,33,1710,3,3,34,4,0,5,0,0,1367,718,592,83,16,3,19,213,165,78,4,161,76,0,0,6,3,89,36,1,8,18,5,39,158,75,48,17,4,24,0,0,0,18,1,1,0,0,0,0,0,0,0,3,3,0.7,45.000
157,Harvey Elliott,Liverpool,England,AM,18,360,1,2,17,0,0,0,1,1,350,0,0,0,0,0,0,0,0,0,0,0,0,0,0,0,0,0,4,0,3,0,0,5,0,0,0,0,0,0,0,0,0,0,1,0,0,0,0,0,0,0,0,0,0,0,30.000
117,Jayden Danns,Liverpool,England,ST,1,10,0,0,0,0,0,0,0,0,3,0,0,0,0,0,0,0,0,0,0,0,0,0,0,0,0,0,1,0,0,0,0,0,0,0,0,0,0,0,0,0,0,0,0,0,0,0,0,0,0,0,0,1.3,1.3,0.1,0.800
463,Jahmai Simpson-Pusey,Manchester City,England,CB,2,95,0,0,0,0,0,0,0,0,125,0,0,0,0,0,0,0,0,0,0,0,0,0,0,0,0,0,0,0,2,0,0,1,0,0,0,0,0,0,0,0,0,0,1,0,0,0,0,0,0,0,0,0.7,0.7,0.9,5.000
482,John Stones,Manchester City,England,CB,11,545,2,0,2,0,0,0,0,0,448,0,0,0,0,0,0,0,0,0,0,0,0,0,0,0,0,0,0,1,18,0,0,6,0,0,0,0,0,0,0,0,0,2,1,0,0,0,0,0,0,0,0,0,0,0,25.000
529,Kyle Walker,Manchester City,England,RB,15,967,0,0,5,6,0,0,0,1,909,1495,1353,91,51,8,16,432,362,84,5,524,315,0,1,11,9,135,2,0,11,19,14,17,259,134,52,32,11,34,0,0,0,6,3,0,0,0,0,0,0,0,0,2.7,2.7,0.4,4.000
298,Rico Lewis,Manchester City,England,RB,28,1891,1,2,10,6,9,2,1,0,1559,1068,942,88,4,2,50,273,228,84,4,254,100,0,0,2,2,121,19,3,40,40,8,30,140,59,42,68,36,53,0,0,0,12,3,1,0,0,0,0,0,0,0,3.4,3.4,1,40.000
397,Nico O'Reilly,Manchester City,England,LB,9,527,2,0,8,0,0,0,0,1,447,0,0,0,0,0,0,0,0,0,0,0,0,0,0,0,0,0,15,2,10,0,0,9,0,0,0,0,0,0,0,0,0,6,0,0,0,0,0,0,0,0,0,0,0,0,18.000
334,James McAtee,Manchester City,England,AM,15,342,3,0,12,0,0,3,0,0,174,0,0,0,0,0,0,0,0,0,0,0,0,0,0,0,0,0,0,0,1,0,0,5,0,0,0,0,0,0,0,0,0,6,1,0,0,0,0,0,0,0,0,0,0,0.5,20.000
177,Phil Foden,Manchester City,England,AM,28,1779,7,2,54,1,0,3,1,3,1217,836,712,85,1,1,100,106,60,57,1,250,105,0,0,0,0,48,31,1,7,15,16,13,32,19,59,57,34,60,0,0,0,5,2,0,0,0,0,0,0,0,0,0.4,0.4,1.6,100.000
205,Jack Grealish,Manchester City,England,LW,20,715,1,0,15,0,0,0,0,0,570,0,0,0,0,0,0,0,0,0,0,0,0,0,0,0,0,0,16,1,5,0,0,9,0,0,0,0,0,0,0,0,0,5,3,0,0,0,0,0,0,0,0,0.7,0.7,0.9,28.000
359,Divin Mubama,Manchester City,England,ST,1,27,0,0,1,0,0,0,0,0,5,0,0,0,0,0,0,0,0,0,0,0,0,0,0,0,0,0,0,0,0,0,0,0,0,0,0,0,0,0,0,0,0,0,0,0,0,0,0,0,0,0,0,0,0,0.2,4.000
224,Ayden Heaven,Manchester United,England,CB,4,171,0,0,2,0,0,0,0,0,144,0,0,0,0,0,0,0,0,0,0,0,0,0,0,0,0,0,1,0,8,0,0,4,0,0,0,0,0,0,0,0,0,4,1,0,0,0,0,0,0,0,0,4.6,4.3,2.1,5.000
316,Harry Maguire,Manchester United,England,CB,27,1757,1,0,15,17,14,4,1,2,1356,399,311,78,12,2,17,207,149,72,1,128,56,1,0,11,3,55,0,2,77,7,1,30,84,51,61,25,5,20,0,0,0,18,7,0,0,0,0,0,0,0,0,0,0,0,13.000
183,Tyler Fredricson,Manchester United,England,CB,2,166,0,0,0,0,0,0,0,0,149,0,0,0,0,0,0,0,0,0,0,0,0,0,0,0,0,0,0,0,11,0,0,5,0,0,0,0,0,0,0,0,0,0,0,0,0,0,0,0,0,0,0,6.1,6.1,6.8,3.000
20,Harry Amass,Manchester United,England,LB,5,346,0,0,3,0,0,0,0,1,263,0,0,0,0,0,0,0,0,0,0,0,0,0,0,0,0,0,5,0,9,0,0,6,0,0,0,0,0,0,0,0,0,2,0,0,0,0,0,0,0,0,0,0,0,0,5.000
458,Luke Shaw,Manchester United,England,LB,7,348,0,0,1,0,0,0,0,0,321,0,0,0,0,0,0,0,0,0,0,0,0,0,0,0,0,0,0,0,7,0,0,4,0,0,0,0,0,0,0,0,1,3,1,0,0,0,0,0,0,0,0,0.1,0.1,0.1,12.000
103,Toby Collyer,Manchester United,England,DM,6,175,0,0,1,0,0,0,0,0,136,0,0,0,0,0,0,0,0,0,0,0,0,0,0,0,0,0,1,0,3,0,0,12,0,0,0,0,0,0,0,0,0,2,0,0,0,0,0,1,0,0,0,0,0,0.3,5.000
317,Kobbie Mainoo,Manchester United,England,CM,25,1656,0,0,15,5,0,0,1,3,1150,1244,1081,87,2,1,50,151,84,56,1,296,143,0,0,2,3,77,36,2,12,40,18,46,89,58,65,85,59,69,0,0,0,27,5,0,0,0,0,0,0,0,0,0,0,0,50.000
358,Mason Mount,Manchester United,England,AM,17,621,1,0,20,0,0,3,0,1,360,0,0,0,0,0,0,0,0,0,0,0,0,0,0,0,0,0,9,0,4,0,0,15,0,0,0,0,0,0,0,0,0,16,3,0,0,0,0,0,0,0,0,9.2,9.2,4.6,28.000
412,Nick Pope,Newcastle United,England,GK,28,2520,0,0,0,0,0,0,0,0,975,0,0,0,0,0,0,0,0,0,0,0,0,0,0,0,0,0,1,8,53,0,0,0,0,0,0,0,0,0,35,35,0,2,2,0,88,72,1,0,21,39,2.2,0.1,0.1,0.4,8.000
74,Dan Burn,Newcastle United,England,CB,37,3330,1,1,23,20,11,4,0,5,2421,495,326,66,87,17,20,244,152,62,5,251,155,0,1,13,13,92,3,13,194,11,10,39,196,92,47,110,46,42,0,0,2,34,11,0,0,0,0,2,0,0,0,0.4,0.4,0,6.000
511,Kieran Trippier,Newcastle United,England,RB,25,1308,0,3,4,2,0,0,0,2,1427,818,715,87,7,2,29,229,189,83,2,232,110,0,0,4,7,88,8,2,42,19,2,38,192,90,47,50,19,38,0,0,0,16,1,0,0,0,0,0,0,0,0,1.2,1.2,0.8,4.000
218,Lewis Hall,Newcastle United,England,LB,27,2192,0,4,11,32,18,0,0,0,1907,348,216,62,5,1,20,171,93,54,8,215,134,2,0,26,6,68,20,7,51,2,0,58,279,99,36,134,58,43,0,0,0,9,3,0,0,0,0,3,0,0,0,2,2,1.8,32.000
489,Matt Targett,Newcastle United,England,LB,2,20,0,0,0,0,0,0,0,0,18,0,0,0,0,0,0,0,0,0,0,0,0,0,0,0,0,0,0,0,0,0,0,0,0,0,0,0,0,0,0,0,0,0,0,0,0,0,0,0,0,0,0,0.6,0.6,0.2,5.000
305,Valentino Livramento,Newcastle United,England,RB,37,2842,0,1,6,18,16,0,0,2,2081,949,710,75,14,2,14,284,172,61,0,97,36,0,1,1,1,63,39,7,94,20,21,54,158,75,48,176,101,57,0,0,0,6,1,0,0,0,0,0,0,0,0,1.1,1.1,1.6,40.000
202,Anthony Gordon,Newcastle United,England,LW,34,2444,6,5,59,41,9,10,1,8,1401,997,780,78,58,8,14,506,383,76,9,540,305,3,2,40,26,158,38,2,5,11,9,32,392,160,41,144,67,47,0,0,0,20,2,0,0,0,0,0,0,0,0,0,0,0.1,65.000
44,Harvey Barnes,Newcastle United,England,LW,33,1755,9,4,63,5,5,6,0,5,880,616,535,87,47,8,17,193,154,80,1,178,91,0,1,3,6,67,23,3,11,15,0,16,110,51,46,16,10,63,0,0,0,15,0,0,0,0,0,0,0,0,0,1.7,1.7,1.5,35.000
366,Jacob Murphy,Newcastle United,England,RW,35,2379,8,12,43,4,5,5,3,3,1364,569,493,87,12,2,17,273,224,82,3,223,134,1,1,9,5,83,37,2,29,8,4,0,141,83,59,20,7,35,0,0,0,11,4,0,0,0,0,0,0,0,0,3.2,3.2,0.6,16.000
546,Joe Willock,Newcastle United,England,CM,32,1074,0,2,18,11,11,5,0,3,582,405,292,72,4,0,0,153,101,66,6,91,52,0,0,3,3,57,23,0,5,6,4,30,104,36,35,77,23,30,0,0,0,23,4,0,0,0,0,0,0,0,0,1.6,1.6,1.9,22.000
345,Lewis Miley,Newcastle United,England,CM,14,304,1,0,3,0,0,0,0,0,241,0,0,0,0,0,0,0,0,0,0,0,0,0,0,0,0,0,0,0,5,0,0,14,0,0,0,0,0,0,0,0,0,3,0,0,0,0,0,0,0,0,0,3.1,2.8,3.5,22.000
306,Sean Longstaff,Newcastle United,England,CM,25,786,0,0,6,0,0,0,1,0,455,0,0,0,0,0,0,0,0,0,0,0,0,0,0,0,0,0,7,2,8,0,0,27,0,0,0,0,0,0,0,0,0,9,2,0,0,0,0,0,0,0,0,1.4,1.4,0.3,20.000
547,Callum Wilson,Newcastle United,England,ST,18,357,0,0,6,0,0,1,0,3,109,0,0,0,0,0,0,0,0,0,0,0,0,0,0,0,0,0,12,0,1,0,0,2,0,0,0,0,0,0,0,0,0,4,1,0,0,0,0,0,0,0,0,0.1,0.1,1.1,8.000
502,Harry Toffolo,Nottingham Forest,England,LB,4,135,0,0,1,0,0,0,0,0,90,0,0,0,0,0,0,0,0,0,0,0,0,0,0,0,0,0,0,0,10,0,0,5,0,0,0,0,0,0,0,0,0,1,1,0,0,0,0,1,0,0,0,5.5,5.5,4,3.000
415,Aaron Ramsdale,Southampton,England,GK,30,2700,0,0,0,0,0,0,0,0,1421,0,0,0,0,0,0,0,0,0,0,0,0,0,0,0,0,0,0,3,28,0,0,0,0,0,0,0,0,0,66,66,0,1,2,0,125,66,2,0,0,25,0.1,0.4,0.4,0.2,16.000
236,Callum Hudson-Odoi,Nottingham Forest,England,LW,31,2201,5,2,37,4,7,1,2,8,1116,2137,1926,90,8,1,13,277,232,84,0,560,332,0,0,4,2,168,23,3,12,20,17,22,154,100,65,77,44,57,0,0,0,12,2,0,0,0,0,0,0,0,0,0,0,0,25.000
24,Elliot Anderson,Nottingham Forest,England,CM,37,2742,2,6,40,7,13,0,0,4,2006,868,715,82,33,6,18,238,176,74,1,194,128,0,0,3,3,84,49,2,68,21,8,92,153,83,54,38,18,47,0,0,0,49,10,0,0,0,0,0,0,0,0,0,0,0,32.000
191,Morgan Gibbs-White,Nottingham Forest,England,AM,34,2822,7,8,61,20,15,3,0,7,1739,864,651,75,27,4,15,422,296,70,22,381,234,4,4,22,20,119,44,3,0,6,7,43,380,160,42,65,13,20,0,0,0,38,9,1,0,0,0,0,0,0,0,0,0,0,50.000
556,Ryan Yates,Nottingham Forest,England,CM,35,1904,2,0,33,3,8,3,1,7,1115,1423,1243,87,11,4,36,381,290,76,2,348,144,0,0,1,5,157,18,6,60,29,13,42,214,112,52,42,18,43,0,0,0,53,10,0,0,0,0,0,0,0,0,2.3,2.3,1.6,12.000
336,Alex McCarthy,Southampton,England,GK,5,450,0,0,0,0,0,0,0,0,192,0,0,0,0,0,0,0,0,0,0,0,0,0,0,0,0,0,0,0,3,0,0,0,0,0,0,0,0,0,0,0,0,0,0,0,24,0,0,0,2,8,0,3.7,3.7,1.6,0.350
308,Joe Lumley,Southampton,England,GK,3,270,0,0,0,0,0,0,0,0,175,0,0,0,0,0,0,0,0,0,0,0,0,0,0,0,0,0,0,0,5,0,0,0,0,0,0,0,0,0,0,0,0,0,0,0,13,0,0,0,2,2,0,0.2,0.2,0.4,0.500
478,Jack Stephens,Southampton,England,CB,19,1394,1,0,4,4,10,0,1,1,1115,1095,948,87,1,0,0,174,121,70,0,183,69,0,0,0,1,61,3,1,49,21,26,34,94,63,67,126,85,68,0,0,0,13,2,2,0,0,0,1,0,0,0,0.7,0.7,0.4,1.500
553,Nathan Wood,Southampton,England,CB,11,772,0,0,2,0,0,1,0,0,574,0,0,0,0,0,0,0,0,0,0,0,0,0,0,0,0,0,1,1,38,0,0,14,0,0,0,0,0,0,0,0,0,9,2,0,0,0,0,1,0,0,0,0.4,0.4,3,3.500
155,Ronnie Edwards,Southampton,England,CB,1,12,0,0,0,0,0,0,0,0,6,0,0,0,0,0,0,0,0,0,0,0,0,0,0,0,0,0,0,0,0,0,0,0,0,0,0,0,0,0,0,0,0,0,0,0,0,0,0,0,0,0,0,0,0,0,3.800
222,Taylor Harwood-Bellis,Southampton,England,CB,34,2828,1,0,20,9,15,2,0,0,2522,1840,1631,89,12,2,17,589,472,80,6,455,244,1,0,3,4,138,5,3,140,35,9,0,244,144,59,56,28,50,0,0,0,35,9,0,0,0,0,3,0,0,0,3.2,3.2,3.5,22.000
65,James Bree,Southampton,England,RB,17,1073,0,1,4,4,0,0,0,0,715,698,573,82,28,5,18,202,150,74,2,144,48,0,0,0,0,73,5,1,27,23,4,19,126,69,55,24,11,46,0,0,0,4,0,0,0,0,0,0,0,0,0,8.6,7.8,6.8,2.500
530,Kyle Walker-Peters,Southampton,England,RB,33,2922,0,2,20,22,11,0,0,2,2149,853,687,81,75,15,20,457,333,73,7,360,172,2,4,13,13,104,39,2,75,9,0,44,251,115,46,30,6,20,0,0,0,28,5,0,0,0,0,1,0,0,0,0,0,0,15.000
492,Charlie Taylor,Southampton,England,LB,8,353,0,0,0,0,0,0,0,0,285,0,0,0,0,0,0,0,0,0,0,0,0,0,0,0,0,0,1,0,0,0,0,7,0,0,0,0,0,0,0,0,0,2,1,0,0,0,0,0,0,0,0,0,0,0,2.200
144,Flynn Downes,Southampton,England,DM,27,2154,1,0,10,5,14,1,0,0,1414,1628,1477,91,9,0,0,352,281,80,1,307,191,0,0,0,2,63,17,3,50,16,29,49,71,46,65,93,55,59,0,0,0,50,12,0,0,0,0,0,0,0,0,1.5,1.5,1.3,13.000
291,Adam Lallana,Southampton,England,AM,14,356,0,2,3,0,0,0,0,0,333,0,0,0,0,0,0,0,0,0,0,0,0,0,0,0,0,0,6,0,5,0,0,8,0,0,0,0,0,0,0,0,0,8,4,0,0,0,0,0,0,0,0,1.7,1.7,1,0.750
21,Samuel Amo Ameyaw,Southampton,England,RW,2,26,0,0,1,0,0,0,0,0,19,0,0,0,0,0,0,0,0,0,0,0,0,0,0,0,0,0,2,0,0,0,0,1,0,0,0,0,0,0,0,0,0,1,1,0,0,0,0,0,0,0,0,0.1,0.1,0,4.000
131,Tyler Dibling,Southampton,England,RW,33,1874,2,0,28,3,0,2,2,2,1004,1025,754,74,105,19,18,306,204,67,0,260,158,0,2,5,8,168,55,0,16,19,12,34,222,132,60,41,20,49,0,0,0,0,6,0,0,0,0,0,0,0,0,0.2,0.2,1.1,25.000
429,Jay Robinson,Southampton,England,LW,4,135,0,0,1,0,0,0,0,0,67,0,0,0,0,0,0,0,0,0,0,0,0,0,0,0,0,0,6,0,1,0,0,4,0,0,0,0,0,0,0,0,0,3,0,0,0,0,0,0,0,0,0,0,0,0,0.000
154,Samuel Edozie,Southampton,England,LW,2,64,0,0,0,0,0,0,0,0,46,0,0,0,0,0,0,0,0,0,0,0,0,0,0,0,0,0,0,0,0,0,0,3,0,0,0,0,0,0,0,0,0,2,1,0,0,0,0,0,0,0,0,4.9,4.9,0.2,6.000
29,Cameron Archer,Southampton,England,ST,35,1432,2,0,29,3,0,10,3,8,451,770,626,81,0,0,0,137,68,50,1,131,61,0,0,0,0,44,26,0,9,14,14,13,29,21,72,66,44,67,0,0,0,16,0,0,0,0,0,0,0,0,0,1,1,0.1,12.000
36,Brandon Austin,Tottenham Hotspur,England,GK,1,90,0,0,0,0,0,0,0,0,43,0,0,0,0,0,0,0,0,0,0,0,0,0,0,0,0,0,0,0,1,0,0,0,0,0,0,0,0,0,0,0,0,0,0,0,2,0,0,0,0,5,0,0.1,0.1,0,0.600
180,Fraser Forster,Tottenham Hotspur,England,GK,7,630,0,0,0,0,0,0,0,0,241,0,0,0,0,0,0,0,0,0,0,0,0,0,0,0,0,0,0,1,7,0,0,0,0,0,0,0,0,0,0,0,0,0,0,0,29,0,0,0,0,4,0,0.5,0.5,0.4,1.000
141,Alfie Dorrington,Tottenham Hotspur,England,CB,1,13,0,0,0,0,0,0,0,0,16,0,0,0,0,0,0,0,0,0,0,0,0,0,0,0,0,0,0,0,0,0,0,0,0,0,0,0,0,0,0,0,0,0,0,0,0,0,0,0,0,0,0,0,0,0,0.700
475,Djed Spence,Tottenham Hotspur,England,LB,25,1790,1,2,10,20,6,0,0,2,1525,282,179,64,6,1,17,155,86,56,0,100,52,0,0,8,1,35,32,2,56,7,2,47,113,41,36,170,86,51,0,0,1,21,2,1,0,0,0,1,0,0,0,1.2,1.2,1.4,20.000
204,Archie Gray,Tottenham Hotspur,England,CM,28,1743,0,0,1,3,17,0,0,0,1329,737,542,74,56,15,27,276,167,61,3,144,94,0,1,1,5,75,11,2,47,25,4,16,147,86,59,22,11,50,0,0,1,17,1,0,0,0,0,1,0,0,0,2.9,2.9,1.2,38.000
312,James Maddison,Tottenham Hotspur,England,AM,31,1816,9,7,39,4,7,5,1,4,1583,1277,1042,82,1,0,0,263,133,51,2,235,128,0,1,0,4,98,25,0,17,41,41,31,153,96,63,138,103,75,0,0,0,32,6,0,0,0,0,0,0,0,0,2.1,2.1,2,42.000
353,Mikey Moore,Tottenham Hotspur,England,LW,10,361,0,1,3,0,0,0,0,3,156,0,0,0,0,0,0,0,0,0,0,0,0,0,0,0,0,0,6,0,5,0,0,2,0,0,0,0,0,0,0,0,0,3,0,0,0,0,0,0,0,0,0,0.5,0.5,0,18.000
448,Dane Scarlett,Tottenham Hotspur,England,ST,3,31,0,0,1,0,0,0,0,1,10,0,0,0,0,0,0,0,0,0,0,0,0,0,0,0,0,0,1,0,1,0,0,1,0,0,0,0,0,0,0,0,0,0,0,0,0,0,0,0,0,0,0,6.8,6,7.6,2.000
469,Dominic Solanke,Tottenham Hotspur,England,ST,27,2206,9,3,60,23,9,12,0,5,750,1243,1066,86,24,6,25,475,385,81,5,274,163,2,2,11,19,133,51,2,23,9,5,18,194,83,43,42,19,45,0,0,1,36,0,0,0,0,0,0,0,0,0,0,0,0.7,40.000
293,Will Lankshear,Tottenham Hotspur,England,ST,3,10,0,0,0,0,0,0,0,0,3,0,0,0,0,0,0,0,0,0,0,0,0,0,0,0,0,0,0,0,0,0,0,0,0,0,0,0,0,0,0,0,0,2,0,0,0,0,0,0,0,0,0,1.9,1.9,3.6,3.000
85,Kaelan Casey,West Ham United,England,CB,1,1,0,0,0,0,0,0,0,0,1,0,0,0,0,0,0,0,0,0,0,0,0,0,0,0,0,0,0,0,1,0,0,0,0,0,0,0,0,0,0,0,0,0,0,0,0,0,0,0,0,0,0,0.6,0.6,0,1.000
277,Max Kilman,West Ham United,England,CB,38,3349,0,1,13,4,30,4,0,2,2424,372,312,84,1,0,0,50,23,46,0,49,12,0,0,0,0,26,4,6,210,16,10,39,30,12,40,46,26,57,0,0,0,23,5,0,0,0,0,0,0,0,0,0,0,0,25.000
532,Aaron Wan-Bissaka,West Ham United,England,RB,36,3154,2,5,16,5,13,1,0,5,2388,1503,1244,83,76,16,21,499,382,77,5,413,251,1,1,4,12,174,22,5,111,66,11,70,259,160,62,56,23,41,0,0,1,25,1,0,0,0,0,0,0,0,0,11.2,9.6,3,24.000
109,Aaron Cresswell,West Ham United,England,LB,18,823,0,0,5,0,0,0,0,0,698,0,0,0,0,0,0,0,0,0,0,0,0,0,0,0,0,0,0,3,36,0,0,11,0,0,0,0,0,0,0,0,0,4,3,0,0,0,0,0,0,0,0,0.9,0.9,4.1,0.500
447,Oliver Scarles,West Ham United,England,LB,15,662,0,0,3,0,0,0,0,1,488,0,0,0,0,0,0,0,0,0,0,0,0,0,0,0,0,0,3,1,20,0,0,21,0,0,0,0,0,0,0,0,0,5,1,0,0,0,0,1,0,0,0,0,0,0.2,8.000
535,James Ward-Prowse,West Ham United,England,CM,24,1440,1,2,15,26,16,2,0,0,1088,371,257,69,11,1,9,137,80,58,1,105,57,1,0,14,6,39,9,4,19,5,4,24,108,52,48,107,51,48,0,0,0,17,2,1,0,0,0,0,0,0,0,0.6,0.6,1.2,8.000
393,Lewis Orford,West Ham United,England,CM,2,47,0,0,1,0,0,0,0,0,43,0,0,0,0,0,0,0,0,0,0,0,0,0,0,0,0,0,0,0,0,0,0,0,0,0,0,0,0,0,0,0,0,0,0,0,0,0,0,0,0,0,0,0.7,0.7,0,0.400
62,Jarrod Bowen,West Ham United,England,RW,34,2979,0,8,87,0,0,8,1,10,1411,1071,946,88,3,0,0,101,60,59,0,232,112,0,0,0,1,79,77,5,21,26,13,41,106,62,59,54,28,52,0,0,0,20,1,0,0,0,0,0,0,0,0,0,0,0.1,40.000
242,Danny Ings,West Ham United,England,ST,15,270,1,2,14,0,0,2,1,0,151,0,0,0,0,0,0,0,0,0,0,0,0,0,0,0,0,0,6,0,4,0,0,4,0,0,0,0,0,0,0,0,0,0,0,0,0,0,0,0,0,0,0,0,0,0,6.000
51,Daniel Bentley,Wolverhampton Wanderers,England,GK,2,180,0,0,0,0,0,0,0,0,76,0,0,0,0,0,0,0,0,0,0,0,0,0,0,0,0,0,0,1,3,0,0,0,0,0,0,0,0,0,0,0,0,0,0,0,8,0,0,0,2,0,0,0.3,0.3,0,1.500
260,Sam Johnstone,Wolverhampton Wanderers,England,GK,7,630,0,0,0,0,0,0,0,0,318,0,0,0,0,0,0,0,0,0,0,0,0,0,0,0,0,0,0,0,9,0,0,0,0,0,0,0,0,0,0,0,0,0,0,0,23,0,0,0,2,8,0,0.2,0.2,1.7,6.000
411,Alfie Pond,Wolverhampton Wanderers,England,CB,1,1,0,0,0,0,0,0,0,0,1,0,0,0,0,0,0,0,0,0,0,0,0,0,0,0,0,0,0,0,0,0,0,0,0,0,0,0,0,0,0,0,0,0,0,0,0,0,0,0,0,0,0,2.3,2.3,2.1,0.250
121,Craig Dawson,Wolverhampton Wanderers,England,CB,15,969,0,0,5,8,6,0,0,2,679,1211,1086,90,3,1,33,184,145,79,4,340,205,0,0,0,0,90,0,1,51,21,3,15,77,47,61,69,42,61,0,0,2,0,2,0,0,0,0,0,0,0,0,0,0,0,1.500
145,Tommy Doyle,Wolverhampton Wanderers,England,CM,24,475,0,1,9,0,0,1,0,0,478,0,0,0,0,0,0,0,0,0,0,0,0,0,0,0,0,0,4,0,11,0,0,11,0,0,0,0,0,0,0,0,0,5,1,0,0,0,0,0,0,0,0,0.4,0.4,0.7,10.000
320,Mateus Mane,Wolverhampton Wanderers,England,AM,1,1,0,0,0,0,0,0,0,0,6,0,0,0,0,0,0,0,0,0,0,0,0,0,0,0,0,0,0,0,0,0,0,0,0,0,0,0,0,0,0,0,0,0,0,0,0,0,0,0,0,0,0,5.8,5.8,4.2,0.200
439,William Saliba,Arsenal,France,CB,35,3041,2,0,6,1,8,2,0,1,2883,1550,1370,88,5,0,0,176,101,57,2,331,186,0,0,0,0,90,8,12,118,26,34,62,108,56,52,84,47,56,0,0,0,28,2,1,0,0,0,0,0,0,0,0.7,0.7,4.2,80.000
134,Axel Disasi,Aston Villa,France,CB,13,853,1,0,4,0,0,0,0,2,678,0,0,0,0,0,0,0,0,0,0,0,0,0,0,0,0,0,5,2,28,0,0,15,0,0,0,0,0,0,0,0,0,5,3,0,0,0,0,0,0,0,0,12,12,5,22.000
132,Lucas Digne,Aston Villa,France,LB,32,2358,0,4,13,6,10,1,0,7,1586,1407,1109,79,23,5,22,508,327,64,18,235,100,0,0,2,8,149,16,4,84,18,4,65,301,149,50,106,48,45,0,0,0,21,4,0,0,0,0,0,0,0,0,4.7,4.7,4.9,10.000
268,Boubacar Kamara,Aston Villa,France,DM,26,1725,1,0,10,0,0,1,0,0,1184,1218,1066,88,10,4,40,230,180,78,3,273,129,0,0,3,2,140,17,6,47,27,10,50,158,86,54,33,22,67,0,0,0,0,2,0,0,0,0,1,0,0,0,0,0,0,40.000
435,Georginio Rutter,Brighton,France,ST,28,1666,5,3,50,8,7,5,1,7,739,310,240,77,21,6,29,148,112,76,1,128,73,1,3,7,8,36,37,0,12,5,0,39,100,41,41,19,6,32,0,0,0,34,2,0,0,0,0,0,0,0,0,3.5,3.5,6.6,32.000
40,Benoit Badiashile,Chelsea,France,CB,5,333,0,0,0,0,0,0,0,0,342,0,0,0,0,0,0,0,0,0,0,0,0,0,0,0,0,0,0,0,12,0,0,9,0,0,0,0,0,0,0,0,0,0,0,0,0,0,0,0,0,0,0,2.4,2.4,2.3,22.000
178,Wesley Fofana,Chelsea,France,CB,14,1176,0,0,3,8,0,0,0,0,966,1003,826,82,30,5,17,225,151,67,4,201,95,0,1,1,5,127,5,1,52,31,17,13,235,116,49,121,61,50,0,0,0,24,7,0,0,0,0,0,0,0,0,2.2,2.2,1,25.000
215,Malo Gusto,Chelsea,France,RB,32,1858,0,0,22,2,0,2,0,2,1656,1722,1620,94,11,3,27,522,476,91,4,460,271,0,0,0,2,103,17,4,40,9,7,45,55,29,53,66,31,47,0,0,0,20,4,0,0,0,0,0,0,0,0,1.2,1.2,2.1,35.000
22,Mathis Amougou,Chelsea,France,CM,1,7,0,0,0,0,0,0,0,0,10,0,0,0,0,0,0,0,0,0,0,0,0,0,0,0,0,0,1,0,0,0,0,0,0,0,0,0,0,0,0,0,0,0,0,0,0,0,0,0,0,0,0,0,0,0.1,10.000
375,Christopher Nkunku,Chelsea,France,ST,27,911,3,0,25,23,18,6,0,3,486,547,458,84,74,11,15,315,250,79,3,320,124,2,1,18,20,77,17,0,9,12,3,12,167,90,54,43,17,40,0,0,0,16,2,0,0,0,0,0,0,0,0,0.5,0.5,2.6,35.000
290,Maxence Lacroix,Crystal Palace,France,CB,35,3118,1,1,30,3,0,3,1,1,1991,1948,1696,87,4,0,0,235,163,69,0,378,212,0,0,0,3,146,6,11,203,38,40,68,100,68,68,169,113,67,0,0,0,34,5,0,0,0,0,1,0,0,0,10.3,5.6,4.8,25.000
329,Jean-Philippe Mateta,Crystal Palace,France,ST,37,2654,14,2,70,5,9,18,2,21,835,551,459,83,38,11,29,183,132,72,5,207,115,0,2,3,5,62,45,4,22,10,3,18,196,100,51,29,10,35,0,0,0,27,2,0,0,0,0,0,0,0,0,1.1,1.1,0.6,30.000
133,Issa Diop,Fulham,France,CB,21,1335,0,0,5,2,0,1,0,0,911,370,292,79,8,1,13,160,122,76,1,173,84,0,1,6,16,75,2,1,70,7,0,26,150,80,53,25,7,28,0,0,1,10,2,0,0,0,0,0,0,0,0,1.5,1.5,0.3,14.000
108,Woyo Coulibaly,Leicester City,France,RB,4,107,0,0,2,0,0,0,0,0,81,0,0,0,0,0,0,0,0,0,0,0,0,0,0,0,0,0,0,0,1,0,0,6,0,0,0,0,0,0,0,0,0,2,1,0,0,0,0,0,0,0,0,1.9,1.9,1.1,2.000
474,Boubakary Soumare,Leicester City,France,DM,31,2170,0,0,7,20,20,0,1,0,1523,571,433,76,53,6,11,287,207,72,0,196,120,1,1,9,8,63,22,1,33,4,3,37,165,84,51,27,7,26,0,0,0,24,8,0,0,0,0,0,0,0,0,0,0,0,12.000
153,Odsonne Edouard,Leicester City,France,ST,6,142,0,0,5,0,0,0,0,2,69,0,0,0,0,0,0,0,0,0,0,0,0,0,0,0,0,0,3,0,2,0,0,2,0,0,0,0,0,0,0,0,0,0,0,0,0,0,0,0,0,0,0,0.8,0.8,0.5,8.000
283,Ibrahima Konate,Liverpool,France,CB,31,2565,1,2,19,5,0,2,0,0,2221,1401,1220,87,7,4,57,400,306,77,2,280,124,0,1,5,5,194,0,11,125,48,9,40,349,196,56,40,25,63,0,0,0,27,5,0,0,0,0,1,0,0,0,1.3,1.3,4.6,60.000
557,Leny Yoro,Manchester United,France,CB,21,1162,0,0,5,6,4,2,0,1,905,352,273,78,25,2,8,192,138,72,5,185,109,0,0,17,6,59,4,1,43,3,0,0,116,47,41,15,6,40,0,0,0,9,5,0,0,0,0,0,0,0,0,0.3,0.3,0.5,55.000
269,Joachim Kayi Sanda,Southampton,France,CB,2,12,0,0,0,0,0,0,0,0,19,0,0,0,0,0,0,0,0,0,0,0,0,0,0,0,0,0,0,0,0,0,0,0,0,0,0,0,0,0,0,0,0,0,0,0,0,0,0,0,0,0,0,4.3,4.3,1.1,1.500
517,Lesley Ugochukwu,Southampton,France,DM,26,1664,1,0,10,4,12,2,0,0,931,2595,2328,90,13,3,23,306,211,69,3,486,266,0,0,0,5,121,13,0,23,33,24,50,137,73,53,139,83,60,0,0,0,0,7,0,0,0,0,0,0,0,0,0,0,0.7,18.000
385,Wilson Odobert,Tottenham Hotspur,France,LW,16,849,1,0,13,0,0,3,0,1,412,0,0,0,0,0,0,0,0,0,0,0,0,0,0,0,0,0,17,0,5,0,0,14,0,0,0,0,0,0,0,0,0,2,0,0,0,0,0,0,0,0,0,0,0,0,20.000
494,Mathys Tel,Tottenham Hotspur,France,ST,13,913,2,0,23,4,11,1,0,1,453,647,559,86,13,3,23,179,144,81,0,149,67,0,0,0,3,68,15,1,8,17,2,16,127,73,58,59,34,58,0,0,0,14,2,0,0,0,0,0,0,0,0,10.3,10.3,3,35.000
30,Alphonse Areola,West Ham United,France,GK,26,2259,0,0,0,0,0,0,0,0,1116,0,0,0,0,0,0,0,0,0,0,0,0,0,0,0,0,0,0,4,25,0,0,2,0,0,0,0,0,0,41,36,1,0,0,0,82,67,0,0,0,15,-2.2,0,0,0.1,9.000
501,Jean-Clair Todibo,West Ham United,France,CB,27,1831,0,0,5,33,20,0,0,0,1347,420,286,68,26,5,19,199,121,61,7,152,93,3,1,16,9,68,11,1,82,2,4,47,172,65,38,171,64,37,0,0,0,16,3,0,0,0,0,0,0,0,0,1.3,1.3,2.9,25.000
49,Jean-Ricner Bellegarde,Wolverhampton Wanderers,France,CM,35,1681,2,7,22,8,0,2,0,1,924,1055,821,78,12,5,42,271,169,62,9,155,65,0,0,2,0,154,29,0,17,42,18,39,147,77,52,86,45,52,0,0,0,31,3,0,0,0,0,0,0,0,0,0,0,0,18.000
295,Mario Lemina,Wolverhampton Wanderers,Gabon,DM,17,1363,1,3,18,7,9,1,0,4,854,201,148,74,10,3,30,65,38,59,1,42,23,0,0,5,0,35,11,1,49,6,1,51,82,37,45,53,29,55,0,0,0,17,4,0,0,0,0,0,0,0,0,0,0,0.1,7.500
348,Yankuba Minteh,Brighton,Gambia,RW,32,1841,6,4,34,8,7,8,1,6,932,900,769,85,22,6,27,256,178,70,10,236,111,1,0,3,3,118,28,1,28,20,6,48,206,103,50,37,16,43,0,0,0,21,6,0,0,0,0,0,0,0,0,0,0,0,30.000
223,Kai Havertz,Arsenal,Germany,ST,23,1874,9,3,53,2,0,15,0,14,837,528,428,81,6,2,33,150,105,70,1,116,34,0,0,0,0,68,23,7,32,19,6,16,127,59,47,30,8,27,0,0,0,38,5,0,0,0,0,0,0,0,0,1.7,1.7,1.4,65.000
249,Vitaly Janelt,Brentford,Germany,DM,32,2266,1,3,14,2,0,0,0,0,1323,473,389,82,28,9,32,125,94,75,0,113,63,0,0,1,3,39,10,1,48,8,11,38,91,43,47,40,23,58,0,0,2,24,3,0,0,0,0,0,0,0,0,0,0,0.2,20.000
449,Kevin Schade,Brentford,Germany,LW,38,2301,0,2,55,0,0,9,3,13,979,1038,886,85,25,3,12,363,284,78,3,130,78,0,0,0,1,68,36,2,0,12,3,39,94,53,56,38,22,58,0,0,0,21,3,0,0,0,0,0,0,0,0,25.2,18.2,14.2,30.000
207,Brajan Gruda,Brighton,Germany,AM,21,681,1,4,11,0,0,0,0,1,394,0,0,0,0,0,0,0,0,0,0,0,0,0,0,0,0,0,21,0,5,0,0,16,0,0,0,0,0,0,0,0,0,7,0,0,0,0,0,0,0,0,0,0.9,0.9,0.7,25.000
296,Bernd Leno,Fulham,Germany,GK,38,3420,0,1,0,0,0,0,0,0,1586,0,0,0,0,0,0,0,0,0,0,0,0,0,0,0,0,0,0,5,32,0,0,2,0,0,0,0,0,0,54,49,0,0,5,0,110,67,1,0,21,23,-2.7,6.9,6.9,3.1,10.000
394,Stefan Ortega,Manchester City,Germany,GK,13,1099,0,0,0,0,0,0,0,0,516,0,0,0,0,0,0,0,0,0,0,0,0,0,0,0,0,0,0,3,14,0,0,0,0,0,0,0,0,0,18,17,0,1,1,0,33,65,0,0,3,6,1.2,1.6,1.6,1,8.000
214,Ilkay Gundogan,Manchester City,Germany,CM,33,2227,1,0,27,1,0,6,2,1,1963,1701,1403,83,6,0,0,321,195,61,6,590,321,0,0,0,7,157,25,3,22,41,20,25,105,65,62,121,77,64,0,0,0,15,1,0,0,0,0,0,0,0,0,1.3,1.3,0.3,5.000
462,Eric da Silva Moreira,Nottingham Forest,Germany,RB,2,28,0,0,0,0,0,0,0,0,13,0,0,0,0,0,0,0,0,0,0,0,0,0,0,0,0,0,0,0,0,0,0,2,0,0,0,0,0,0,0,0,0,0,0,0,0,0,0,0,0,0,0,0.2,0.2,0.2,1.000
48,Armel Bella Kotchap,Southampton,Germany,CB,4,329,0,0,1,0,0,1,0,0,270,0,0,0,0,0,0,0,0,0,0,0,0,0,0,0,0,0,0,0,21,0,0,7,0,0,0,0,0,0,0,0,0,3,0,0,0,0,0,0,0,0,0,1,1,0.1,9.000
540,Timo Werner,Tottenham Hotspur,Germany,ST,18,508,0,3,8,0,0,2,0,5,326,0,0,0,0,0,0,0,0,0,0,0,0,0,0,0,0,0,6,0,6,0,0,6,0,0,0,0,0,0,0,0,0,3,0,0,0,0,0,0,0,0,0,0.1,0.1,0.4,7.000
184,Niclas Fullkrug,West Ham United,Germany,ST,18,788,3,2,16,0,0,0,2,10,293,0,0,0,0,0,0,0,0,0,0,0,0,0,0,0,0,0,7,0,16,0,0,4,0,0,0,0,0,0,0,0,0,21,2,0,0,0,0,0,0,0,0,0,0,0.5,10.000
402,Thomas Partey,Arsenal,Ghana,DM,35,2799,4,0,26,3,0,3,0,1,2289,786,652,83,37,4,11,184,145,79,0,132,75,0,0,0,2,57,17,7,44,22,6,89,99,56,57,71,35,49,0,0,0,45,4,0,0,0,0,0,0,0,0,0,0,0,14.000
455,Antoine Semenyo,Bournemouth,Ghana,RW,37,3209,0,5,125,2,0,12,5,15,1849,1628,1318,81,170,42,25,539,394,73,1,445,294,0,3,3,17,157,77,6,34,62,8,55,286,151,53,78,52,67,0,0,0,73,9,0,0,0,0,0,0,0,0,0,0,0,40.000
292,Tariq Lamptey,Brighton,Ghana,RB,15,860,2,2,6,0,0,0,0,0,556,0,0,0,0,0,0,0,0,0,0,0,0,0,0,0,0,0,5,1,21,0,0,17,0,0,0,0,0,0,0,0,0,15,0,0,0,0,0,0,0,0,0,1.3,1.3,0.4,11.000
451,Jeffrey Schlupp,Crystal Palace,Ghana,LW,12,95,0,0,4,0,0,0,1,0,80,0,0,0,0,0,0,0,0,0,0,0,0,0,0,0,0,0,0,0,1,0,0,2,0,0,0,0,0,0,0,0,0,1,0,0,0,0,0,0,0,0,0,0,0,0.1,3.000
39,Jordan Ayew,Crystal Palace,Ghana,ST,31,1664,5,0,33,1,0,4,0,7,937,774,638,82,24,8,33,221,164,74,2,203,102,0,0,1,3,68,41,0,18,19,7,0,144,90,63,41,22,54,0,0,0,31,6,0,0,0,0,0,0,0,0,2.1,2.1,0.1,2.500
170,Abdul Fatawu Issahaku,Leicester City,Ghana,RW,11,577,0,2,13,0,0,1,1,2,382,0,0,0,0,0,0,0,0,0,0,0,0,0,0,0,0,0,12,0,12,0,0,21,0,0,0,0,0,0,0,0,0,11,0,0,0,0,0,0,0,0,0,1.2,1.2,2.1,11.000
485,Kamaldeen Sulemana,Southampton,Ghana,LW,26,1406,1,0,29,27,18,2,2,3,661,890,719,81,75,11,15,453,345,76,9,447,276,2,2,15,18,99,25,0,7,14,3,22,284,120,42,54,27,50,0,0,0,22,2,0,0,0,0,0,0,0,0,0.3,0.3,0.4,13.000
288,Mohammed Kudus,West Ham United,Ghana,RW,32,2601,5,3,75,3,5,7,6,18,1508,2153,1941,90,10,4,40,605,494,82,12,488,214,0,0,5,8,229,93,2,8,49,10,38,345,200,58,56,36,64,0,0,0,39,2,1,0,0,0,0,0,0,0,0,0,0.1,45.000
513,Kostas Tsimikas,Liverpool,Greece,LB,18,833,0,0,4,0,0,1,0,1,765,0,0,0,0,0,0,0,0,0,0,0,0,0,0,0,0,0,4,2,17,0,0,31,0,0,0,0,0,0,0,0,0,9,2,0,0,0,0,0,0,0,0,0,0,0,18.000
331,Konstantinos Mavropanos,West Ham United,Greece,CB,33,2037,0,0,18,3,0,3,0,3,1575,558,434,78,14,4,29,179,110,62,0,134,82,0,0,0,0,42,0,2,123,12,4,35,83,38,46,51,28,55,0,0,0,17,4,1,0,0,0,0,0,0,0,0.1,0.1,0.3,17.000
55,Beto,Everton,Guinea-Bissau,ST,30,1528,8,0,49,7,7,12,2,16,601,955,767,80,48,9,19,345,251,73,11,313,156,1,1,11,10,92,37,1,24,6,4,14,203,97,48,43,19,44,0,0,0,33,2,0,0,0,0,0,0,0,0,0.4,0.4,0.6,22.000
274,Milos Kerkez,Bournemouth,Hungary,LB,38,3342,2,5,19,61,22,0,1,3,2264,1155,853,74,78,17,22,695,471,68,19,482,264,4,9,35,35,101,22,9,99,9,0,52,289,118,41,23,9,39,0,0,0,0,4,0,0,0,0,1,0,0,0,0.4,0.4,0.2,45.000
488,Dominik Szoboszlai,Liverpool,Hungary,AM,36,2496,6,6,67,10,16,8,1,4,1661,505,417,83,46,11,24,226,168,74,8,205,98,2,1,9,10,76,23,8,14,6,0,38,126,55,44,20,3,15,0,0,0,44,6,0,0,0,0,0,0,0,0,0,0,0,80.000
519,Hakon Valdimarsson,Brentford,Iceland,GK,2,144,0,0,0,0,0,0,0,0,78,0,0,0,0,0,0,0,0,0,0,0,0,0,0,0,0,0,0,0,3,0,0,0,0,0,0,0,0,0,0,0,0,0,0,0,3,0,0,0,1,2,0,0,0,0,2.500
219,Ali Al Hamadi,Ipswich Town,Iraq,ST,11,125,0,0,4,0,0,0,0,1,64,0,0,0,0,0,0,0,0,0,0,0,0,0,0,0,0,0,4,0,2,0,0,1,0,0,0,0,0,0,0,0,0,8,3,0,0,0,0,0,0,0,0,0.4,0.4,0.1,2.500
509,Mark Travers,Bournemouth,Ireland,GK,5,450,0,0,0,0,0,0,0,0,175,0,0,0,0,0,0,0,0,0,0,0,0,0,0,0,0,0,0,1,9,0,0,0,0,0,0,0,0,0,0,0,0,0,0,0,20,0,0,0,4,1,0,3.3,2.5,7,4.000
102,Nathan Collins,Brentford,Ireland,CB,38,3420,2,3,17,7,3,4,0,6,2496,850,692,81,53,12,23,299,230,77,1,263,156,0,2,12,8,110,8,8,220,31,10,40,246,151,61,70,40,57,0,0,0,29,5,0,0,0,0,0,0,0,0,1.2,1.2,2.3,28.000
87,Eiran Cashin,Brighton,Ireland,CB,2,19,0,0,0,0,0,0,0,0,32,0,0,0,0,0,0,0,0,0,0,0,0,0,0,0,0,0,0,0,2,0,0,0,0,0,0,0,0,0,0,0,0,0,0,0,0,0,0,0,0,0,0,1.9,1.9,2.3,8.000
381,Jake O'Brien,Everton,Ireland,RB,20,1569,2,0,6,1,33,1,0,3,916,729,670,92,2,0,0,141,114,81,3,136,66,0,0,1,0,31,5,5,89,6,8,26,47,29,62,24,11,46,0,0,0,13,5,0,0,0,0,1,0,0,0,0,0,0,18.000
101,Seamus Coleman,Everton,Ireland,RB,5,215,0,0,1,0,0,1,0,0,127,0,0,0,0,0,0,0,0,0,0,0,0,0,0,0,0,0,1,0,7,0,0,3,0,0,0,0,0,0,0,0,0,0,1,0,0,0,0,0,0,0,0,0.1,0.1,0,0.500
383,Dara O'Shea,Ipswich Town,Ireland,CB,35,3123,0,0,22,13,15,2,0,3,2063,224,160,71,3,1,33,119,73,61,1,64,41,1,0,9,1,41,4,2,218,4,0,49,113,43,38,54,20,37,0,0,0,21,6,0,0,0,0,3,0,0,0,5.8,5.8,1.7,14.000
493,Jack Taylor,Ipswich Town,Ireland,CM,32,838,1,0,19,0,0,1,0,0,553,0,0,0,0,0,0,0,0,0,0,0,0,0,0,0,0,0,6,0,21,0,0,20,0,0,0,0,0,0,0,0,0,16,4,0,0,0,0,0,0,0,0,0.4,0.4,0.1,3.000
220,Marcus Harness,Ipswich Town,Ireland,AM,2,43,0,0,0,0,0,0,0,0,22,0,0,0,0,0,0,0,0,0,0,0,0,0,0,0,0,0,0,0,1,0,0,1,0,0,0,0,0,0,0,0,0,0,0,0,0,0,0,0,0,0,0,4.3,4.3,6.1,0.800
487,Sammie Szmodics,Ipswich Town,Ireland,AM,20,1001,4,0,21,1,0,5,0,8,347,1189,1090,92,3,0,0,283,255,90,3,326,150,0,0,0,7,126,17,0,12,21,8,16,135,71,53,50,28,56,0,0,0,9,2,0,0,0,0,0,0,0,0,0,0,0,10.000
335,Kasey McAteer,Leicester City,Ireland,RW,18,852,1,1,13,0,0,3,1,3,421,0,0,0,0,0,0,0,0,0,0,0,0,0,0,0,0,0,16,0,13,0,0,23,0,0,0,0,0,0,0,0,0,18,3,0,0,0,0,0,0,0,0,1.3,1.3,1.1,2.000
272,Caoimhin Kelleher,Liverpool,Ireland,GK,10,900,0,0,0,0,0,0,0,0,425,0,0,0,0,0,0,0,0,0,0,0,0,0,0,0,0,0,0,4,3,0,0,0,0,0,0,0,0,0,12,12,0,0,0,0,27,69,1,0,2,6,1.9,1.5,1.5,0.8,20.000
322,Ryan Manning,Southampton,Ireland,LB,24,1468,0,1,8,7,0,0,0,0,1027,2309,2165,94,3,0,0,522,459,88,0,714,397,0,0,4,0,78,5,0,40,20,20,0,47,27,57,71,37,52,0,0,0,19,2,0,0,0,0,1,0,0,0,2.6,2.6,0.9,3.000
466,William Smallbone,Southampton,Ireland,CM,18,682,1,0,7,0,0,0,1,0,447,0,0,0,0,0,0,0,0,0,0,0,0,0,0,0,0,0,6,0,14,0,0,20,0,0,0,0,0,0,0,0,0,11,1,0,0,0,0,0,0,0,0,10,10,5.8,6.000
386,Chiedozie Ogbene,Ipswich Town,Ireland,RW,5,240,0,0,0,0,0,0,0,1,79,0,0,0,0,0,0,0,0,0,0,0,0,0,0,0,0,0,0,0,3,0,0,7,0,0,0,0,0,0,0,0,0,2,0,0,0,0,0,0,0,0,0,1.2,1.2,4.4,8.000
172,Evan Ferguson,West Ham United,Ireland,ST,21,387,1,0,12,0,0,3,0,0,174,0,0,0,0,0,0,0,0,0,0,0,0,0,0,0,0,0,11,0,5,0,0,7,0,0,0,0,0,0,0,0,0,4,0,0,0,0,0,0,0,0,0,0,0,0,25.000
137,Matt Doherty,Wolverhampton Wanderers,Ireland,RB,30,2113,2,1,10,7,9,0,0,2,1578,360,299,83,14,3,21,134,95,71,2,80,40,1,0,3,4,29,5,5,95,13,3,38,69,36,52,14,6,43,0,0,1,18,6,0,0,0,0,1,0,0,0,0.5,0.5,0.1,2.000
80,Riccardo Calafiori,Arsenal,Italy,CB,19,984,2,1,10,2,10,1,1,3,683,1204,1101,92,6,0,0,416,365,88,3,286,142,0,1,1,1,95,5,0,24,13,7,0,123,73,59,20,6,30,0,0,0,16,4,0,0,0,0,0,0,0,0,0.8,0.8,3,35.000
262,Jorginho,Arsenal,Italy,DM,15,702,0,0,2,0,0,0,0,0,550,0,0,0,0,0,0,0,0,0,0,0,0,0,0,0,0,0,9,1,2,0,0,12,0,0,0,0,0,0,0,0,0,15,5,0,0,0,0,0,0,0,0,12,9.6,3.3,6.000
270,Michael Kayode,Brentford,Italy,RB,12,528,0,0,2,0,0,0,0,0,337,0,0,0,0,0,0,0,0,0,0,0,0,0,0,0,0,0,3,1,17,0,0,17,0,0,0,0,0,0,0,0,0,8,2,0,0,0,0,0,0,0,0,0.1,0.1,0.4,18.000
387,Caleb Okoli,Leicester City,Italy,CB,19,1122,1,0,4,17,14,1,0,0,828,755,669,89,73,15,21,416,363,87,5,370,226,3,2,22,23,92,0,1,76,13,0,25,142,84,59,13,3,23,0,0,0,16,4,0,0,0,0,0,0,0,0,5.8,5.8,1.3,10.000
92,Federico Chiesa,Liverpool,Italy,RW,6,104,0,0,5,0,0,1,1,0,52,0,0,0,0,0,0,0,0,0,0,0,0,0,0,0,0,0,4,0,1,0,0,1,0,0,0,0,0,0,0,0,0,3,0,0,0,0,0,0,0,0,0,1.2,1.2,0.4,14.000
504,Sandro Tonali,Newcastle United,Italy,DM,36,2631,4,2,35,3,0,3,3,2,1923,837,737,88,0,0,0,61,33,54,1,195,97,0,0,0,0,43,23,10,0,15,21,51,81,46,57,67,35,52,0,0,0,37,5,0,0,0,0,0,0,0,0,0.7,0.7,0.5,60.000
527,Guglielmo Vicario,Tottenham Hotspur,Italy,GK,24,2160,0,0,0,0,0,0,0,0,1016,0,0,0,0,0,0,0,0,0,0,0,0,0,0,0,0,0,0,4,33,0,0,0,0,0,0,0,0,0,37,38,0,0,1,0,68,65,0,0,19,30,2.6,1,1,1.1,32.000
515,Destiny Udogie,Tottenham Hotspur,Italy,LB,25,1931,0,0,5,5,0,0,0,3,1468,1373,1151,84,66,12,18,366,295,81,4,316,195,0,2,8,8,167,19,0,28,37,8,75,205,104,51,59,38,64,0,0,1,29,2,0,0,0,0,1,0,0,0,4.4,4.4,2.2,40.000
400,Emerson Palmieri,West Ham United,Italy,LB,31,2126,2,0,16,11,16,3,1,0,1376,1001,914,91,16,5,31,385,341,89,2,244,129,3,2,7,5,75,7,1,56,11,2,60,130,61,47,26,6,23,0,0,0,25,5,0,0,0,0,0,0,0,0,3.6,3.6,0.5,10.000
41,Leon Bailey,Aston Villa,Jamaica,RW,24,1143,1,2,28,1,10,1,3,3,600,700,599,86,6,1,17,192,149,78,2,183,90,0,0,1,6,67,25,0,8,14,10,7,153,84,55,39,21,54,0,0,0,12,3,0,0,0,0,0,0,0,0,0.5,0.5,0,28.000
409,Ethan Pinnock,Brentford,Jamaica,CB,22,1913,2,0,10,32,14,1,2,0,1370,341,244,72,0,0,0,166,112,68,4,126,62,1,0,15,4,67,4,2,139,1,2,35,146,76,52,105,42,40,0,0,1,8,2,0,0,0,0,0,0,0,0,2,2,1.5,7.000
123,Bobby De Cordova-Reid,Leicester City,Jamaica,AM,23,742,1,2,7,0,0,0,0,4,289,0,0,0,0,0,0,0,0,0,0,0,0,0,0,0,0,0,10,0,10,0,0,9,0,0,0,0,0,0,0,0,0,9,2,0,0,0,0,0,0,0,0,0.3,0.3,0.2,2.500
234,Mason Holgate,Southampton,Jamaica,CB,1,5,0,0,0,0,0,0,0,0,3,0,0,0,0,0,0,0,0,0,0,0,0,0,0,0,0,0,0,0,0,0,0,0,0,0,0,0,0,0,0,0,0,0,0,0,0,0,0,0,0,0,0,0.8,0.8,0.1,5.000
26,Michail Antonio,West Ham United,Jamaica,ST,14,844,1,1,19,0,0,5,1,4,326,0,0,0,0,0,0,0,0,0,0,0,0,0,0,0,0,0,19,0,2,0,0,2,0,0,0,0,0,0,0,0,0,12,1,0,0,0,0,0,0,0,0,2.1,2.1,3.3,0.700
503,Takehiro Tomiyasu,Arsenal,Japan,RB,1,6,0,0,1,0,0,0,1,0,8,0,0,0,0,0,0,0,0,0,0,0,0,0,0,0,0,0,0,0,1,0,0,0,0,0,0,0,0,0,0,0,0,0,0,0,0,0,0,0,0,0,0,0,0,0.1,18.000
350,Kaoru Mitoma,Brighton,Japan,LW,36,2608,10,4,57,14,4,12,1,5,1479,1048,844,81,76,25,33,378,266,70,5,396,229,0,1,9,11,146,23,3,7,21,9,45,227,121,53,62,27,44,0,0,0,40,1,0,0,0,0,0,0,0,0,5.9,5.9,2,40.000
267,Daichi Kamada,Crystal Palace,Japan,AM,34,1553,0,0,20,7,4,0,0,2,986,1994,1767,89,3,0,0,164,97,59,0,429,163,0,0,0,0,103,20,2,14,27,24,47,104,52,50,224,148,66,0,0,0,28,4,1,0,0,0,0,0,0,0,10.4,10.4,2.3,12.000
160,Wataru Endo,Liverpool,Japan,DM,20,261,0,0,0,0,0,0,0,0,253,0,0,0,0,0,0,0,0,0,0,0,0,0,0,0,0,0,3,0,8,0,0,12,0,0,0,0,0,0,0,0,0,15,0,0,0,0,0,1,0,0,0,0,0,0.1,8.000
484,Yukinari Sugawara,Southampton,Japan,RB,30,1555,1,0,14,4,18,0,0,4,1095,846,753,89,2,1,50,203,162,80,2,260,110,0,0,1,2,85,5,0,46,18,6,31,146,74,51,14,7,50,0,0,0,15,4,0,0,0,0,1,0,0,0,6.7,6.7,1,11.000
364,Arijanet Muric,Ipswich Town,Kosovo,GK,18,1620,0,0,0,0,0,0,0,0,773,0,0,0,0,0,0,0,0,0,0,0,0,0,0,0,0,0,0,1,20,0,0,0,0,0,0,0,0,0,33,32,0,0,1,0,69,68,0,0,0,39,-0.1,0.4,0.4,1.2,5.000
143,Cheick Doucoure,Crystal Palace,Mali,DM,13,445,0,0,7,0,0,0,0,0,286,0,0,0,0,0,0,0,0,0,0,0,0,0,0,0,0,0,7,0,10,0,0,16,0,0,0,0,0,0,0,0,0,7,1,0,0,0,0,0,0,0,0,1.3,1.3,4.8,25.000
142,Abdoulaye Doucoure,Everton,Mali,AM,33,2577,3,2,31,10,10,4,0,10,1231,875,724,83,23,1,4,305,233,76,0,200,108,1,0,4,8,150,38,6,19,10,6,48,210,77,37,75,30,40,0,0,0,49,3,1,0,0,0,0,0,0,0,1,1,1.5,7.000
57,Yves Bissouma,Tottenham Hotspur,Mali,DM,28,1405,2,0,11,0,0,0,0,0,1087,320,249,78,18,4,22,121,88,73,3,88,54,0,1,0,3,50,15,1,35,15,5,49,89,39,44,14,3,21,0,0,0,28,7,0,0,0,0,0,0,0,0,0.3,0.3,1.4,25.000
508,Boubacar Traore,Wolverhampton Wanderers,Mali,DM,1,1,0,0,0,0,0,0,0,0,2,0,0,0,0,0,0,0,0,0,0,0,0,0,0,0,0,0,0,0,0,0,0,2,0,0,0,0,0,0,0,0,0,0,0,0,0,0,0,0,0,0,0,0.4,0.4,0.5,5.000
28,Julian Araujo,Bournemouth,Mexico,RB,12,497,0,0,0,0,0,0,0,1,283,0,0,0,0,0,0,0,0,0,0,0,0,0,0,0,0,0,2,0,16,0,0,10,0,0,0,0,0,0,0,0,0,7,2,0,0,0,0,0,0,0,0,2.2,2.2,1.6,10.000
254,Raul Jimenez,Fulham,Mexico,ST,38,2505,0,3,96,33,13,14,2,15,1111,615,449,73,23,5,22,260,177,68,3,183,85,2,0,16,1,80,45,0,23,10,5,35,218,96,44,193,92,48,0,0,0,39,4,0,0,0,0,0,0,0,0,4.7,4.7,7,5.000
18,Edson Alvarez,West Ham United,Mexico,DM,28,1781,0,1,12,7,5,0,0,4,1287,1289,1061,82,35,2,6,450,344,76,7,387,189,1,2,10,9,207,15,0,41,31,9,50,375,185,49,87,57,66,0,0,0,42,7,1,0,0,0,0,0,0,0,0,0,0,25.000
423,Chadi Riad,Crystal Palace,Morocco,CB,1,90,0,0,0,0,0,0,0,0,91,0,0,0,0,0,0,0,0,0,0,0,0,0,0,0,0,0,0,0,0,0,0,5,0,0,0,0,0,0,0,0,0,1,0,0,0,0,0,0,0,0,0,1.6,1.6,5,15.000
275,Bilal El Khannouss,Leicester City,Morocco,AM,32,2193,2,3,30,3,10,0,3,1,1359,930,825,89,1,0,0,224,170,76,5,223,82,1,0,2,2,87,38,1,9,19,6,50,176,94,53,47,21,45,0,0,0,0,4,0,0,0,0,0,0,0,0,1.1,1.1,1.9,28.000
332,Noussair Mazraoui,Manchester United,Morocco,RB,37,2848,0,1,13,2,18,1,0,4,2236,1027,822,80,59,13,22,317,244,77,0,331,199,1,0,3,8,190,17,4,83,33,9,115,222,123,55,32,13,41,0,0,0,38,3,0,0,0,0,0,0,0,0,5.5,5.5,2.8,25.000
500,Jurrien Timber,Arsenal,Netherlands,RB,30,2422,1,3,14,34,26,1,0,6,1752,451,294,65,6,1,17,163,99,61,1,78,38,2,2,8,4,42,24,7,41,6,4,58,148,37,25,167,67,40,0,0,0,0,7,0,0,0,0,0,0,0,0,0,0,0,55.000
310,Ian Maatsen,Aston Villa,Netherlands,LB,29,1128,1,2,19,4,5,0,0,3,976,1897,1713,90,0,0,0,287,219,76,1,391,227,0,1,0,3,98,25,2,27,17,14,29,101,62,61,106,75,71,0,0,0,11,2,0,0,0,0,0,0,0,0,0.1,0.1,0.1,28.000
59,Lamare Bogarde,Aston Villa,Netherlands,DM,8,475,0,0,1,0,0,0,0,0,348,0,0,0,0,0,0,0,0,0,0,0,0,0,0,0,0,0,8,0,12,0,0,14,0,0,0,0,0,0,0,0,0,8,2,0,0,0,0,0,0,0,0,0.6,0.6,1.1,6.000
319,Donyell Malen,Aston Villa,Netherlands,ST,14,298,3,0,15,0,0,4,1,2,145,0,0,0,0,0,0,0,0,0,0,0,0,0,0,0,0,0,7,0,1,0,0,7,0,0,0,0,0,0,0,0,0,1,0,0,0,0,0,0,0,0,0,2.8,2.8,4.7,25.000
282,Justin Kluivert,Bournemouth,Netherlands,AM,34,2356,0,0,63,21,17,6,2,5,1177,501,400,80,11,2,18,264,205,78,1,125,72,2,1,9,6,41,27,1,23,6,4,23,138,46,33,145,65,45,0,0,0,47,8,0,0,0,0,0,0,0,0,0.6,0.5,3.9,35.000
176,Mark Flekken,Brentford,Netherlands,GK,37,3276,0,2,0,0,0,0,0,0,1986,0,0,0,0,0,0,0,0,0,0,0,0,0,0,0,0,0,0,7,46,0,0,4,0,0,0,0,0,0,55,53,0,0,1,0,153,74,0,0,20,46,0.5,1.5,1.5,0.1,10.000
125,Sepp van den Berg,Brentford,Netherlands,CB,31,2588,0,0,20,8,6,3,0,1,1628,332,272,82,41,10,24,163,124,76,2,182,89,1,0,11,7,47,7,5,131,8,0,39,115,48,42,11,7,64,0,0,0,23,3,0,0,0,0,1,0,0,0,0.5,0.5,0,22.000
525,Bart Verbruggen,Brighton,Netherlands,GK,36,3240,0,0,0,0,0,0,0,0,1489,0,0,0,0,0,0,0,0,0,0,0,0,0,0,0,0,0,0,7,46,0,0,0,0,0,0,0,0,0,58,52,0,0,6,0,91,61,0,0,0,27,-4.2,0.2,0.2,0.3,30.000
225,Jan Paul van Hecke,Brighton,Netherlands,CB,34,2959,1,0,17,2,0,1,1,0,2645,958,870,91,0,0,0,77,45,58,0,208,107,0,0,0,1,46,7,7,139,16,13,45,47,29,62,46,27,59,0,0,0,25,6,1,0,0,0,0,0,0,0,22,18.8,3,32.000
523,Joel Veltman,Brighton,Netherlands,RB,21,1699,0,0,6,12,13,1,1,0,1192,2528,2310,91,22,3,14,822,717,87,6,732,405,0,0,4,9,137,7,5,62,44,19,43,173,110,64,96,54,56,0,0,0,27,5,0,0,0,0,0,0,0,0,7.2,7.2,6.1,4.000
543,Mats Wieffer,Brighton,Netherlands,DM,25,1008,1,0,9,3,20,2,0,1,907,1210,1031,85,22,1,5,255,174,68,2,241,140,0,0,1,2,106,9,2,25,22,14,58,96,60,63,78,56,72,0,0,0,23,6,0,0,0,0,0,0,0,0,1.2,1.2,3.5,25.000
495,Kenny Tete,Fulham,Netherlands,RB,22,1779,0,2,24,18,7,1,0,1,1260,1028,853,83,79,14,18,610,473,78,15,267,133,0,2,13,13,64,10,2,62,7,0,56,127,48,38,21,5,24,0,0,0,35,5,0,0,0,0,0,0,0,0,0.5,0.5,2.2,13.000
520,Virgil van Dijk,Liverpool,Netherlands,CB,37,3330,3,0,27,1,7,3,1,0,3347,972,764,79,97,28,29,327,229,70,2,171,105,0,0,1,5,88,5,14,190,44,9,38,171,103,60,87,49,56,0,0,0,17,5,0,0,0,0,0,0,0,0,0,0,0,23.000
203,Ryan Gravenberch,Liverpool,Netherlands,DM,37,3168,0,4,20,9,6,1,0,0,2462,747,618,83,8,0,0,231,175,76,0,130,62,0,0,3,1,104,26,11,57,26,10,69,191,97,51,78,48,62,0,0,0,47,6,1,0,0,0,0,0,0,0,0,0,0,75.000
185,Cody Gakpo,Liverpool,Netherlands,LW,35,1938,10,4,57,51,12,6,1,5,971,1310,1089,83,77,20,26,655,505,77,22,555,274,3,3,44,27,106,24,1,16,11,1,0,258,145,56,9,2,22,0,0,0,20,5,0,0,0,0,0,0,0,0,5.2,5.2,4.8,70.000
12,Nathan Ake,Manchester City,Netherlands,CB,10,682,0,0,3,0,0,0,0,0,602,0,0,0,0,0,0,0,0,0,0,0,0,0,0,0,0,0,3,0,22,0,0,9,0,0,0,0,0,0,0,0,0,2,0,0,0,0,0,1,0,0,0,0.2,0.2,0,25.000
301,Matthijs de Ligt,Manchester United,Netherlands,CB,29,2128,2,0,18,6,8,2,1,2,1638,764,646,85,40,5,13,196,147,75,0,235,120,0,0,3,3,81,3,3,91,23,8,30,159,95,60,40,20,50,0,0,0,16,3,0,0,0,0,1,0,0,0,0,0,0,38.000
318,Tyrell Malacia,Manchester United,Netherlands,LB,3,99,0,0,0,0,0,0,0,0,67,0,0,0,0,0,0,0,0,0,0,0,0,0,0,0,0,0,0,0,1,0,0,2,0,0,0,0,0,0,0,0,0,3,1,0,0,0,0,0,0,0,0,0.9,0.9,2.7,8.000
561,Joshua Zirkzee,Manchester United,Netherlands,ST,32,1392,3,0,28,22,4,7,0,3,644,354,261,74,15,2,13,152,103,68,4,178,105,0,1,16,7,58,30,2,8,1,1,14,175,80,46,36,14,39,0,0,0,9,2,0,0,0,0,0,0,0,0,0.2,0.2,1.2,30.000
61,Sven Botman,Newcastle United,Netherlands,CB,8,414,0,0,5,0,0,1,0,0,315,0,0,0,0,0,0,0,0,0,0,0,0,0,0,0,0,0,1,1,25,0,0,12,0,0,0,0,0,0,0,0,0,5,1,0,0,0,0,0,0,0,0,0,0,0.1,42.000
524,Micky van de Ven,Tottenham Hotspur,Netherlands,CB,13,1018,0,2,6,15,18,1,0,0,916,558,446,80,13,4,31,241,181,75,5,101,55,1,0,2,1,86,5,1,38,15,5,10,169,77,46,117,60,51,0,0,0,10,4,0,0,0,0,0,0,0,0,0.4,0.4,2.1,50.000
486,Crysencio Summerville,West Ham United,Netherlands,LW,19,780,1,0,14,0,0,2,2,4,417,0,0,0,0,0,0,0,0,0,0,0,0,0,0,0,0,0,16,0,6,0,0,13,0,0,0,0,0,0,0,0,0,9,2,0,0,0,0,0,0,0,0,0.6,0.6,1.8,22.000
552,Chris Wood,Nottingham Forest,New Zealand,ST,36,2976,20,3,68,2,7,15,1,28,827,657,562,86,26,8,31,239,189,79,8,119,55,0,0,2,1,62,28,1,28,7,5,6,55,22,40,8,2,25,0,0,0,25,1,0,0,0,0,1,0,0,0,1,1,2.5,10.000
392,Frank Onyeka,Brentford,Nigeria,CM,2,23,0,0,0,0,0,0,0,0,11,0,0,0,0,0,0,0,0,0,0,0,0,0,0,0,0,0,1,0,0,0,0,0,0,0,0,0,0,0,0,0,0,2,0,0,0,0,0,0,0,0,0,1.3,1.3,0.5,7.000
45,Calvin Bassey,Fulham,Nigeria,CB,35,3074,1,0,14,11,7,1,0,2,2536,247,205,83,3,0,0,82,65,79,2,84,45,1,0,8,3,35,8,5,113,2,1,54,109,41,38,39,9,23,0,0,0,26,7,0,0,0,0,0,0,0,0,3.1,3.1,1.3,25.000
246,Alex Iwobi,Fulham,Nigeria,LW,38,2994,9,0,68,29,13,3,2,5,1983,1376,1101,80,124,25,20,678,508,75,15,521,281,5,2,26,19,140,40,2,28,14,1,44,222,110,50,38,7,18,0,0,0,19,1,0,0,0,0,0,0,0,0,1.9,1.9,2,28.000
369,Wilfred Ndidi,Leicester City,Nigeria,DM,28,2336,0,5,22,1,0,3,1,3,1489,890,721,81,23,3,13,284,197,69,1,191,95,0,0,3,2,121,33,2,74,22,14,85,237,102,43,37,19,51,0,0,1,39,8,0,0,0,0,2,0,0,0,3.3,3.3,1.8,15.000
8,Ola Aina,Nottingham Forest,Nigeria,LB,35,3003,2,1,11,1,0,1,0,2,1812,495,418,84,5,0,0,102,70,69,2,81,33,0,0,0,1,46,22,11,106,11,7,55,80,41,51,18,12,67,0,0,0,23,5,0,0,0,0,3,0,0,0,0.6,0.6,1.4,22.000
37,Taiwo Awoniyi,Nottingham Forest,Nigeria,ST,26,400,1,0,10,0,0,4,0,1,198,0,0,0,0,0,0,0,0,0,0,0,0,0,0,0,0,0,19,0,7,0,0,6,0,0,0,0,0,0,0,0,0,8,0,0,0,0,0,0,0,0,0,4.4,2.9,1,16.000
31,Joe Aribo,Southampton,Nigeria,CM,32,2018,3,0,17,10,15,2,2,1,1357,483,388,80,32,7,22,171,123,72,3,233,115,0,0,5,3,94,18,0,28,12,2,47,230,111,48,122,40,33,0,0,0,20,1,0,0,0,0,0,0,0,0,5.7,4.9,0.5,6.000
391,Paul Onuachu,Southampton,Nigeria,ST,25,1044,4,0,34,17,7,5,1,10,494,731,648,89,108,34,32,366,315,86,0,406,219,0,4,23,22,81,36,0,16,9,2,7,197,89,45,43,12,28,0,0,0,28,4,0,0,0,0,0,0,0,0,2.8,2,2.4,6.000
126,Justin Devenny,Crystal Palace,Northern Ireland,AM,23,496,1,1,10,0,0,1,0,1,288,0,0,0,0,0,0,0,0,0,0,0,0,0,0,0,0,0,3,0,11,0,0,17,0,0,0,0,0,0,0,0,0,8,1,0,0,0,0,0,0,0,0,5.1,5.1,8,6.000
63,Conor Bradley,Liverpool,Northern Ireland,RB,19,748,0,2,10,0,0,1,0,1,696,0,0,0,0,0,0,0,0,0,0,0,0,0,0,0,0,0,5,0,25,0,0,14,0,0,0,0,0,0,0,0,0,12,4,0,0,0,0,0,0,0,0,0.1,0.1,0,30.000
166,Jonny Evans,Manchester United,Northern Ireland,CB,7,314,0,0,2,0,0,0,0,0,260,0,0,0,0,0,0,0,0,0,0,0,0,0,0,0,0,0,0,1,15,0,0,8,0,0,0,0,0,0,0,0,0,5,1,0,0,0,0,0,0,0,0,1,1,0.2,1.000
562,Martin Odegaard,Arsenal,Norway,AM,30,2328,3,8,49,12,13,4,2,1,1791,1878,1742,93,0,0,0,721,639,89,15,575,259,1,1,6,12,114,40,5,5,24,0,19,214,117,55,19,10,53,0,0,0,12,4,0,0,0,0,0,0,0,0,0,0,0,85.000
10,Kristoffer Ajer,Brentford,Norway,CB,24,1441,0,0,9,2,0,2,0,2,830,731,648,89,14,4,29,244,205,84,2,142,63,0,0,2,1,46,12,1,47,3,4,26,47,25,53,16,9,56,0,0,0,13,5,0,0,0,0,0,0,0,0,1,1,1.2,18.000
52,Sander Berge,Fulham,Norway,DM,31,2227,0,0,3,12,11,1,0,0,1436,1463,1257,86,30,6,20,435,338,78,7,376,158,1,1,6,5,177,16,3,37,34,11,50,219,120,55,25,12,48,0,0,0,31,6,0,0,0,0,0,0,0,0,1.5,1.5,3.8,25.000
58,Oscar Bobb,Manchester City,Norway,RW,3,14,0,0,0,0,0,0,0,0,18,0,0,0,0,0,0,0,0,0,0,0,0,0,0,0,0,0,0,0,0,0,0,0,0,0,0,0,0,0,0,0,0,0,0,0,0,0,0,0,0,0,0,8.2,8.2,1.2,25.000
217,Erling Haaland,Manchester City,Norway,ST,31,2741,22,3,108,6,20,21,4,4,696,1032,904,88,9,1,11,119,78,66,0,226,108,0,0,0,0,50,27,6,22,24,18,11,70,41,59,107,64,60,0,0,0,24,2,0,0,0,0,0,0,0,0,3.2,3.2,1.3,180.000
483,Jorgen Strand Larsen,Wolverhampton Wanderers,Norway,ST,35,2599,0,0,54,29,19,13,3,16,793,680,551,81,53,12,23,404,317,79,5,275,166,2,4,19,14,78,34,1,29,14,0,10,222,92,41,36,8,22,0,0,0,46,4,0,0,0,0,0,0,0,0,1,1,0.5,30.000
199,Diego Gomez,Brighton,Paraguay,CM,16,512,1,0,9,0,0,3,0,1,422,0,0,0,0,0,0,0,0,0,0,0,0,0,0,0,0,0,9,0,10,0,0,21,0,0,0,0,0,0,0,0,0,8,0,0,0,0,0,0,0,0,0,6.3,6.3,5,14.000
159,Julio Enciso,Ipswich Town,Paraguay,AM,25,1164,2,3,52,9,10,1,1,0,707,700,591,84,59,11,19,474,382,81,8,546,366,3,4,17,16,63,39,0,7,4,1,12,304,171,56,13,0,0,0,0,0,12,3,0,0,0,0,0,0,0,0,0,0,0,22.000
16,Miguel Almiron,Newcastle United,Paraguay,RW,9,151,0,0,6,0,0,0,0,2,88,0,0,0,0,0,0,0,0,0,0,0,0,0,0,0,0,0,2,0,0,0,0,3,0,0,0,0,0,0,0,0,0,1,0,0,0,0,0,0,0,0,0,0,0,0.6,10.000
472,Ramon Sosa,Nottingham Forest,Paraguay,LW,19,281,1,0,11,0,0,1,0,3,175,0,0,0,0,0,0,0,0,0,0,0,0,0,0,0,0,0,5,0,4,0,0,5,0,0,0,0,0,0,0,0,0,6,1,0,0,0,0,0,0,0,0,2.1,2.1,2.9,12.000
281,Jakub Kiwior,Arsenal,Poland,CB,17,1117,1,0,3,1,0,0,0,0,861,533,461,87,26,6,23,132,93,71,0,101,52,0,0,1,0,65,0,3,57,9,3,22,53,27,51,20,13,65,0,0,0,10,1,0,0,0,0,0,0,0,0,0.4,0.4,0.5,28.000
86,Matty Cash,Aston Villa,Poland,RB,27,2077,1,1,13,6,3,0,0,1,1251,1468,1203,82,7,2,29,183,95,52,3,363,149,0,0,2,2,130,10,5,58,54,21,56,152,94,62,111,61,55,0,0,0,27,7,0,0,0,0,0,0,0,0,2.5,2.5,0.7,25.000
351,Jakub Moder,Brighton,Poland,CM,4,9,0,0,0,0,0,0,0,0,27,0,0,0,0,0,0,0,0,0,0,0,0,0,0,0,0,0,0,0,3,0,0,1,0,0,0,0,0,0,0,0,0,0,0,0,0,0,0,0,0,0,0,0.1,0.1,0,12.000
481,Jakub Stolarczyk,Leicester City,Poland,GK,10,900,0,0,0,0,0,0,0,0,444,0,0,0,0,0,0,0,0,0,0,0,0,0,0,0,0,0,0,2,16,0,0,2,0,0,0,0,0,0,16,15,0,0,1,0,28,64,0,0,0,10,0.5,1.8,1.8,1.4,1.000
47,Jan Bednarek,Southampton,Poland,CB,30,2535,2,0,5,5,6,1,0,0,2087,2265,2004,89,11,5,46,458,332,73,4,770,494,0,0,1,6,131,3,3,189,24,22,36,126,73,58,134,83,62,0,0,0,31,7,0,0,0,0,2,0,0,0,7.2,7.2,4,9.000
168,Lukasz Fabianski,West Ham United,Poland,GK,14,1161,0,0,0,0,0,0,0,0,581,0,0,0,0,0,0,0,0,0,0,0,0,0,0,0,0,0,0,2,14,0,0,0,0,0,0,0,0,0,21,23,0,2,2,0,50,70,0,0,0,10,3.9,1.4,0.6,3.2,0.500
83,Fabio Carvalho,Brentford,Portugal,AM,19,446,2,1,12,0,0,2,1,1,267,0,0,0,0,0,0,0,0,0,0,0,0,0,0,0,0,0,8,0,2,0,0,13,0,0,0,0,0,0,0,0,0,5,1,0,0,0,0,0,0,0,0,0.9,0.9,0.3,14.000
522,Renato Veiga,Chelsea,Portugal,CB,7,177,0,0,3,0,0,1,0,1,172,0,0,0,0,0,0,0,0,0,0,0,0,0,0,0,0,0,0,1,2,0,0,9,0,0,0,0,0,0,0,0,0,6,2,0,0,0,0,0,0,0,0,0.1,0.1,1.4,25.000
373,Pedro Neto,Chelsea,Portugal,RW,35,2268,4,0,59,8,5,3,1,3,1244,1440,1095,76,133,34,26,560,372,66,4,355,201,0,0,10,8,152,30,4,4,36,17,23,213,113,53,35,12,34,0,0,0,21,8,0,0,0,0,0,0,0,0,1.4,1.4,1.2,50.000
171,Joao Felix,Chelsea,Portugal,ST,12,364,1,1,20,0,0,4,0,1,296,0,0,0,0,0,0,0,0,0,0,0,0,0,0,0,0,0,4,0,2,0,0,8,0,0,0,0,0,0,0,0,0,0,2,0,0,0,0,0,0,0,0,12.5,11.7,1.9,20.000
91,Youssef Chermiti,Everton,Portugal,ST,4,42,0,0,3,0,0,0,0,2,18,0,0,0,0,0,0,0,0,0,0,0,0,0,0,0,0,0,1,0,0,0,0,0,0,0,0,0,0,0,0,0,0,1,1,0,0,0,0,0,0,0,0,0.4,0.4,1.2,8.000
405,Ricardo Pereira,Leicester City,Portugal,RB,10,385,0,0,2,0,0,0,0,0,317,0,0,0,0,0,0,0,0,0,0,0,0,0,0,0,0,0,1,0,11,0,0,13,0,0,0,0,0,0,0,0,0,0,1,0,0,0,0,1,0,0,0,8.4,8.4,5.5,4.500
263,Diogo Jota,Liverpool,Portugal,ST,26,1194,6,3,51,3,10,14,3,1,536,979,850,87,25,9,36,266,206,77,2,291,170,0,1,3,4,109,22,1,6,21,8,14,198,108,55,35,21,60,0,0,0,23,2,0,0,0,0,0,0,0,0,0,0,0,40.000
129,Ruben Dias,Manchester City,Portugal,CB,27,2269,0,0,21,5,0,1,0,0,2514,1904,1704,90,7,4,57,540,444,82,8,507,242,0,1,9,9,193,1,11,70,60,10,17,284,158,56,40,26,65,0,0,1,12,4,0,0,0,0,0,0,0,0,2,2,0.8,65.000
377,Matheus Nunes,Manchester City,Portugal,RB,26,1673,1,0,9,9,9,2,0,6,1479,223,171,77,24,5,21,102,78,77,2,121,67,0,0,3,6,38,13,7,0,2,1,35,115,47,41,11,4,36,0,0,0,30,4,0,0,0,0,0,0,0,0,2,2,1.9,35.000
460,Bernardo Silva,Manchester City,Portugal,AM,33,2667,4,0,32,23,16,3,0,3,2163,264,155,59,4,1,25,115,53,46,1,94,46,0,0,7,4,40,34,9,0,4,2,56,146,56,38,204,99,49,0,0,0,27,7,0,0,0,0,1,0,0,0,8.2,8.2,3.7,38.000
114,Diogo Dalot,Manchester United,Portugal,RB,33,2813,0,3,25,13,12,2,2,4,2063,299,213,71,8,2,25,165,108,66,1,103,71,2,3,9,6,41,21,8,64,8,0,68,116,39,34,54,22,41,0,0,0,40,5,0,0,0,0,1,0,0,0,2.8,2.8,2.1,30.000
173,Bruno Fernandes,Manchester United,Portugal,AM,36,3024,8,10,96,15,11,10,3,2,2781,1758,1471,84,18,6,33,705,532,76,22,589,254,1,2,9,15,188,43,9,30,29,10,84,426,224,53,38,19,50,0,0,0,32,3,2,0,0,0,0,0,0,0,0.1,0.1,0,50.000
461,Jota Silva,Nottingham Forest,Portugal,LW,31,840,3,1,23,0,0,2,1,8,399,0,0,0,0,0,0,0,0,0,0,0,0,0,0,0,0,0,12,0,16,0,0,0,0,0,0,0,0,0,0,0,0,24,5,0,0,0,0,0,0,0,0,3.7,3.7,0.4,15.000
174,Mateus Fernandes,Southampton,Portugal,CM,36,2919,2,4,42,44,14,6,0,4,1918,949,753,79,59,10,17,432,301,70,14,441,277,4,4,34,23,125,36,1,0,17,1,89,352,170,48,42,13,31,0,0,0,46,8,0,0,0,0,0,0,0,0,10.5,8.9,6.2,15.000
436,Jose Sa,Wolverhampton Wanderers,Portugal,GK,29,2609,0,0,0,0,0,0,0,0,1085,0,0,0,0,0,0,0,0,0,0,0,0,0,0,0,0,0,0,7,25,0,0,2,0,0,0,0,0,0,48,44,0,4,2,0,71,60,2,0,0,32,-2.2,1.4,1.4,0.1,7.000
198,Toti Gomes,Wolverhampton Wanderers,Portugal,CB,31,2615,0,0,7,8,7,1,0,4,2110,1616,1256,78,93,23,25,673,470,70,12,350,190,1,1,11,11,132,15,8,147,31,9,61,197,98,50,16,3,19,0,0,0,24,7,0,0,0,0,2,0,0,0,0.2,0.2,0.7,28.000
454,Nelson Semedo,Wolverhampton Wanderers,Portugal,RB,34,2891,0,4,18,9,0,1,1,4,1817,927,813,88,6,2,33,293,240,82,7,133,62,0,0,1,1,114,21,4,84,29,12,62,196,107,55,50,27,54,0,0,0,48,8,0,0,0,0,0,0,0,0,2.9,2.9,1.8,9.000
179,Carlos Forbs,Wolverhampton Wanderers,Portugal,LW,10,232,0,0,2,0,0,0,0,0,133,0,0,0,0,0,0,0,0,0,0,0,0,0,0,0,0,0,4,0,2,0,0,8,0,0,0,0,0,0,0,0,0,2,2,0,0,0,0,0,0,0,0,0.6,0.6,0.3,8.000
94,Chiquinho,Wolverhampton Wanderers,Portugal,LW,1,6,0,0,0,0,0,0,0,0,3,0,0,0,0,0,0,0,0,0,0,0,0,0,0,0,0,0,0,0,0,0,0,0,0,0,0,0,0,0,0,0,0,1,0,0,0,0,0,0,0,0,0,1.5,1.5,0.7,2.000
410,Daniel Podence,Wolverhampton Wanderers,Portugal,LW,2,46,0,0,1,0,0,0,0,0,24,0,0,0,0,0,0,0,0,0,0,0,0,0,0,0,0,0,0,0,0,0,0,0,0,0,0,0,0,0,0,0,0,0,0,0,0,0,0,0,0,0,0,5.3,3.7,3.1,5.500
209,Goncalo Guedes,Wolverhampton Wanderers,Portugal,LW,29,987,2,4,27,1,0,6,0,3,525,563,478,85,5,1,20,96,73,76,1,78,26,0,0,0,0,53,18,0,3,13,9,16,92,51,55,18,11,61,0,0,0,15,1,0,0,0,0,0,0,0,0,0.5,0.5,0.1,11.000
197,Rodrigo Gomes,Wolverhampton Wanderers,Portugal,LW,25,797,2,0,7,0,0,0,0,0,440,0,0,0,0,0,0,0,0,0,0,0,0,0,0,0,0,0,9,0,16,0,0,23,0,0,0,0,0,0,0,0,0,4,0,0,0,0,0,0,0,0,0,0.7,0.7,1.4,15.000
146,Radu Dragusin,Tottenham Hotspur,Romania,CB,16,1251,0,0,5,13,13,0,0,0,984,325,248,76,8,3,38,125,91,73,2,114,67,2,0,9,7,35,2,2,46,2,0,10,115,40,35,126,31,25,0,0,0,0,1,0,0,0,0,0,0,0,0,0,0,0,25.000
499,Kieran Tierney,Arsenal,Scotland,LB,13,252,1,0,2,0,0,1,0,2,203,0,0,0,0,0,0,0,0,0,0,0,0,0,0,0,0,0,0,0,9,0,0,7,0,0,0,0,0,0,0,0,0,1,0,0,0,0,0,0,0,0,0,7.3,7.3,7.4,9.000
337,John McGinn,Aston Villa,Scotland,CM,34,2230,1,4,31,20,21,4,0,3,1187,626,467,75,21,5,24,332,230,69,10,273,138,0,1,9,11,59,29,2,14,9,0,33,204,90,44,89,42,47,0,0,0,43,7,0,0,0,0,0,0,0,0,13.5,11.9,3.2,16.000
96,Ryan Christie,Bournemouth,Scotland,CM,29,2131,2,3,33,1,0,0,2,1,1471,620,519,84,41,8,20,194,139,72,1,138,75,0,0,0,4,65,25,4,49,17,10,54,120,71,59,22,15,68,0,0,0,43,9,0,0,0,0,0,0,0,0,0.3,0.3,0.2,10.000
192,Billy Gilmour,Brighton,Scotland,DM,2,97,0,0,1,0,0,0,0,0,79,0,0,0,0,0,0,0,0,0,0,0,0,0,0,0,0,0,0,0,1,0,0,3,0,0,0,0,0,0,0,0,0,2,0,0,0,0,0,0,0,0,0,2.2,2.2,1.9,20.000
403,Nathan Patterson,Everton,Scotland,RB,10,345,0,0,1,0,0,0,0,0,226,0,0,0,0,0,0,0,0,0,0,0,0,0,0,0,0,0,0,0,5,0,0,11,0,0,0,0,0,0,0,0,0,6,1,0,0,0,0,0,0,0,0,0,0,0,15.000
78,Tom Cairney,Fulham,Scotland,CM,25,615,2,0,11,0,0,0,0,0,713,0,0,0,0,0,0,0,0,0,0,0,0,0,0,0,0,0,4,0,3,0,0,13,0,0,0,0,0,0,0,0,0,8,3,1,0,0,0,0,0,0,0,0.5,0.5,1.6,1.500
233,George Hirst,Ipswich Town,Scotland,ST,26,649,3,0,14,0,0,4,0,3,217,0,0,0,0,0,0,0,0,0,0,0,0,0,0,0,0,0,16,0,10,0,0,3,0,0,0,0,0,0,0,0,0,13,3,0,0,0,0,0,0,0,0,1.3,1.3,1.5,4.000
427,Andrew Robertson,Liverpool,Scotland,LB,33,2492,0,0,15,24,14,2,1,3,2129,632,491,78,76,13,17,350,250,71,3,283,206,3,4,17,10,89,13,6,42,6,1,39,194,91,47,61,24,39,0,0,1,11,3,1,0,0,0,0,0,0,0,1.7,1.7,2.1,18.000
339,Scott McTominay,Manchester United,Scotland,CM,2,17,0,0,1,0,0,0,0,0,15,0,0,0,0,0,0,0,0,0,0,0,0,0,0,0,0,0,0,0,1,0,0,0,0,0,0,0,0,0,0,0,0,0,0,0,0,0,0,0,0,0,0,1.5,1.5,0.5,50.000
182,Ryan Fraser,Southampton,Scotland,LW,8,306,0,0,1,0,0,0,0,1,138,0,0,0,0,0,0,0,0,0,0,0,0,0,0,0,0,0,2,0,8,0,0,6,0,0,0,0,0,0,0,0,0,1,0,1,0,0,0,0,0,0,0,4,4,3,2.000
480,Ross Stewart,Southampton,Scotland,ST,12,385,1,0,9,0,0,1,0,1,161,0,0,0,0,0,0,0,0,0,0,0,0,0,0,0,0,0,9,0,6,0,0,6,0,0,0,0,0,0,0,0,0,7,1,0,0,0,0,0,0,0,0,10.9,10.1,2.9,4.000
244,Andy Irving,West Ham United,Scotland,CM,10,162,0,0,4,0,0,0,0,0,158,0,0,0,0,0,0,0,0,0,0,0,0,0,0,0,0,0,3,0,5,0,0,7,0,0,0,0,0,0,0,0,0,0,2,0,0,0,0,0,0,0,0,2.5,2.5,2.7,4.000
247,Nicolas Jackson,Chelsea,Senegal,ST,30,2238,10,5,76,32,9,19,6,23,769,599,501,84,63,11,18,292,226,77,1,362,242,3,1,37,17,84,41,0,15,10,0,22,208,95,46,30,11,37,0,0,0,35,7,1,0,0,0,0,0,0,0,2.9,2.9,3.5,50.000
445,Ismaila Sarr,Crystal Palace,Senegal,RW,38,2714,8,6,59,2,0,17,2,11,1198,755,661,88,1,0,0,86,54,63,0,161,78,0,0,0,0,45,43,3,38,9,7,22,48,31,65,33,20,61,0,0,0,14,4,0,0,0,0,2,0,0,0,1.6,1.6,0.6,25.000
186,Idrissa Gana Gueye,Everton,Senegal,DM,37,3067,0,3,27,0,0,1,1,0,1930,713,661,93,4,1,25,82,67,82,3,220,142,0,0,0,1,42,38,11,34,4,14,133,32,16,50,14,8,57,0,0,0,55,9,0,0,0,0,0,0,0,0,0.4,0.4,0.4,1.500
368,Iliman Ndiaye,Everton,Senegal,RW,33,2440,9,0,37,7,4,3,0,5,1246,1634,1509,92,17,2,12,580,514,89,7,436,194,0,2,7,10,116,44,7,15,13,0,53,139,69,50,25,14,56,0,0,0,24,3,0,0,0,0,3,0,0,0,0.3,0.3,1,22.000
328,Pape Matar Sarr,Tottenham Hotspur,Senegal,CM,36,1913,3,0,34,3,0,5,1,2,1341,1359,1214,89,3,0,0,226,167,74,4,447,281,0,0,0,0,62,22,1,24,10,11,49,64,42,66,48,19,40,0,0,0,34,6,0,0,0,0,0,0,0,0,0,0,0,32.000
370,Kosta Nedeljkovic,Aston Villa,Serbia,RB,5,121,0,0,0,0,0,0,0,0,70,0,0,0,0,0,0,0,0,0,0,0,0,0,0,0,0,0,0,0,3,0,0,7,0,0,0,0,0,0,0,0,0,0,0,0,0,0,0,0,0,0,0,5.8,5.8,0.7,10.000
307,Sasa Lukic,Fulham,Serbia,CM,30,2355,0,2,18,21,2,2,0,0,1546,763,666,87,70,16,23,485,411,85,5,471,256,0,5,28,25,79,8,0,32,6,2,68,206,103,50,3,1,33,0,0,0,66,12,0,0,0,0,0,0,0,0,3.1,3.1,3.2,14.000
344,Nikola Milenkovic,Nottingham Forest,Serbia,CB,37,3330,5,2,29,3,0,4,0,2,1434,1589,1368,86,23,6,26,363,290,80,7,381,202,0,0,0,3,149,0,13,208,34,9,51,268,165,62,82,51,62,0,0,0,20,4,0,0,0,0,2,0,0,0,0,0,0,35.000
147,Martin Dubravka,Newcastle United,Slovakia,GK,10,900,0,0,0,0,0,0,0,0,380,0,0,0,0,0,0,0,0,0,0,0,0,0,0,0,0,0,0,5,5,0,0,0,0,0,0,0,0,0,12,13,0,0,0,0,29,71,0,0,2,10,2.9,4.1,4.1,2.4,5.000
255,Kim Jisoo,Brentford,South Korea,CB,3,28,0,0,0,0,0,0,0,0,31,0,0,0,0,0,0,0,0,0,0,0,0,0,0,0,0,0,1,0,2,0,0,0,0,0,0,0,0,0,0,0,0,1,0,0,0,0,0,0,0,0,0,12.3,12.3,4.3,0.600
230,Son Heung-Min,Tottenham Hotspur,South Korea,LW,30,2116,7,9,57,7,15,7,4,12,1217,528,437,83,62,10,16,235,178,76,6,279,177,0,1,10,11,83,32,2,16,11,2,17,214,87,41,24,9,38,0,0,0,6,1,0,0,0,0,0,0,0,0,1.8,1.8,1,20.000
226,Hwang Hee-Chan,Wolverhampton Wanderers,South Korea,ST,21,650,2,0,5,0,0,0,0,0,294,0,0,0,0,0,0,0,0,0,0,0,0,0,0,0,0,0,10,0,10,0,0,6,0,0,0,0,0,0,0,0,0,0,0,0,0,0,0,0,0,0,0,0.4,0.4,4.3,12.000
418,David Raya,Arsenal,Spain,GK,38,3420,0,0,0,0,0,0,0,0,1599,0,0,0,0,0,0,0,0,0,0,0,0,0,0,0,0,0,0,13,29,0,0,0,0,0,0,0,0,0,34,36,0,1,3,0,86,72,0,0,8,53,2.1,0,0,0.4,40.000
342,Mikel Merino,Arsenal,Spain,CM,28,1581,7,2,38,7,6,8,2,7,846,1368,1062,78,76,19,25,636,446,70,27,419,239,0,3,5,15,179,27,3,23,27,3,46,310,160,52,40,12,30,0,0,0,41,2,1,0,0,0,0,0,0,0,2.8,2.8,0.5,35.000
505,Pau Torres,Aston Villa,Spain,CB,24,2020,0,0,8,15,12,0,1,0,1561,261,160,61,0,0,0,97,47,49,0,62,19,0,0,1,2,19,5,5,74,1,2,21,111,31,28,154,93,60,0,0,0,8,2,0,0,0,0,0,0,0,0,3,2.2,2.6,32.000
187,Andres Garcia,Aston Villa,Spain,RB,7,317,0,0,2,0,0,0,0,0,268,0,0,0,0,0,0,0,0,0,0,0,0,0,0,0,0,0,6,0,8,0,0,9,0,0,0,0,0,0,0,0,0,1,0,0,0,0,0,0,0,0,0,0.1,0.1,0,7.000
35,Marco Asensio,Aston Villa,Spain,AM,13,745,3,1,24,0,0,4,1,2,413,0,0,0,0,0,0,0,0,0,0,0,0,0,0,0,0,0,8,2,3,0,0,7,0,0,0,0,0,0,0,0,0,11,2,0,0,0,0,0,0,0,0,0.4,0.4,0.1,20.000
34,Kepa Arrizabalaga,Bournemouth,Spain,GK,31,2790,0,0,1,0,0,0,0,0,1197,0,0,0,0,0,0,0,0,0,0,0,0,0,0,0,0,0,0,8,36,0,0,1,0,0,0,0,0,0,39,41,0,2,3,0,97,71,0,0,21,22,2.1,3.3,2.3,1.2,10.000
238,Dean Huijsen,Bournemouth,Spain,CB,32,2422,3,2,18,15,8,2,1,2,2044,1476,1326,90,34,6,18,590,502,85,5,422,226,0,1,9,8,156,1,7,194,25,13,36,172,82,48,64,38,59,0,0,0,31,10,0,0,0,0,1,0,0,0,7.2,5.7,8.2,60.000
440,Robert Sanchez,Chelsea,Spain,GK,32,2880,0,0,0,0,0,0,0,0,1443,0,0,0,0,0,0,0,0,0,0,0,0,0,0,0,0,0,0,10,36,0,0,0,0,0,0,0,0,0,34,36,0,2,5,0,95,74,1,0,0,47,2.1,0,0,0.7,20.000
110,Marc Cucurella,Chelsea,Spain,LB,36,2989,5,1,24,7,20,2,0,3,2321,1741,1465,84,13,3,23,310,202,65,7,388,185,0,1,0,2,146,7,9,80,28,23,67,156,99,64,128,69,54,0,0,0,37,8,1,0,0,0,0,0,0,0,0.2,0.2,0,35.000
213,Marc Guiu,Chelsea,Spain,ST,3,71,0,0,0,0,0,0,0,0,23,0,0,0,0,0,0,0,0,0,0,0,0,0,0,0,0,0,0,0,0,0,0,1,0,0,0,0,0,0,0,0,0,0,0,0,0,0,0,0,0,0,0,1.1,1.1,1.8,8.000
111,Jorge Cuenca,Fulham,Spain,CB,8,350,0,0,1,0,0,0,0,0,218,0,0,0,0,0,0,0,0,0,0,0,0,0,0,0,0,0,0,0,26,0,0,6,0,0,0,0,0,0,0,0,0,2,0,0,0,0,0,0,0,0,0,0.3,0.3,0.7,5.000
507,Adama Traore,Fulham,Spain,RW,36,1769,2,7,39,12,5,7,0,1,888,484,393,81,100,30,30,238,190,80,6,315,187,0,4,10,23,87,25,0,4,1,0,20,192,100,52,52,25,48,0,0,0,24,3,0,0,0,0,0,0,0,0,0.1,0.1,0.1,9.000
201,Nicolas Gonzalez,Manchester City,Spain,DM,11,763,1,0,9,0,0,2,2,0,733,0,0,0,0,0,0,0,0,0,0,0,0,0,0,0,0,0,11,3,21,0,0,16,0,0,0,0,0,0,0,0,0,13,3,0,0,0,0,0,0,0,0,0,0,0,40.000
430,Rodri,Manchester City,Spain,DM,3,73,0,0,0,0,0,0,0,0,77,0,0,0,0,0,0,0,0,0,0,0,0,0,0,0,0,0,0,0,1,0,0,2,0,0,0,0,0,0,0,0,0,1,0,0,0,0,0,0,0,0,0,0.2,0.2,0.1,110.000
355,Alex Moreno,Nottingham Forest,Spain,LB,15,959,0,1,6,46,23,0,0,0,587,658,507,77,16,3,19,362,256,71,6,268,145,2,2,24,16,55,6,1,38,3,2,25,202,67,33,83,27,33,0,0,0,12,2,0,0,0,0,0,0,0,0,0.8,0.8,0.2,7.000
413,Pedro Porro,Tottenham Hotspur,Spain,RB,33,2608,2,0,39,9,4,0,3,1,2333,1308,1155,88,80,22,28,359,292,81,0,316,179,0,1,5,5,147,18,5,73,37,5,66,196,104,53,73,46,63,0,0,0,25,5,0,0,0,0,0,0,0,0,3.8,3,4.6,38.000
421,Sergio Reguilon,Tottenham Hotspur,Spain,LB,4,195,0,0,2,0,0,0,0,0,177,0,0,0,0,0,0,0,0,0,0,0,0,0,0,0,0,0,1,0,6,0,0,4,0,0,0,0,0,0,0,0,0,2,2,0,0,0,0,0,0,0,0,0,0,0,6.000
470,Carlos Soler,West Ham United,Spain,CM,31,1404,1,0,25,10,3,4,1,0,842,960,770,80,20,8,40,286,193,68,9,133,59,0,0,3,2,103,14,0,19,14,10,16,164,102,62,58,39,67,0,0,0,26,6,0,0,0,0,0,0,0,0,0,0,0,18.000
443,Pablo Sarabia,Wolverhampton Wanderers,Spain,AM,23,805,3,0,17,0,0,5,0,5,588,0,0,0,0,0,0,0,0,0,0,0,0,0,0,0,0,0,14,0,7,0,0,16,0,0,0,0,0,0,0,0,0,16,3,0,0,0,0,0,0,0,0,0.2,0.2,3,5.000
388,Robin Olsen,Aston Villa,Sweden,GK,4,225,0,0,0,0,0,0,0,0,116,0,0,0,0,0,0,0,0,0,0,0,0,0,0,0,0,0,0,1,3,0,0,1,0,0,0,0,0,0,0,0,0,0,0,0,8,0,0,0,1,3,0,1.2,1.2,1.2,1.000
38,Yasin Ayari,Brighton,Sweden,CM,34,1966,2,1,28,2,0,2,1,3,1310,739,652,88,16,5,31,192,155,81,4,213,74,0,0,2,3,113,22,1,25,13,9,59,152,75,49,18,8,44,0,0,0,37,4,0,0,0,0,0,0,0,0,0,0,0,22.000
79,Jens Cajuste,Ipswich Town,Sweden,DM,30,1976,1,1,12,10,0,0,0,0,1090,348,274,79,38,9,24,151,110,73,1,109,60,0,0,4,0,70,17,0,33,12,3,44,169,63,37,18,6,33,0,0,0,24,2,0,0,0,0,0,0,0,0,0.1,0.1,0,12.000
303,Victor Lindelof,Manchester United,Sweden,CB,16,697,0,0,0,0,0,0,0,0,454,0,0,0,0,0,0,0,0,0,0,0,0,0,0,0,0,0,0,2,36,0,0,7,0,0,0,0,0,0,0,0,0,8,1,0,0,0,0,0,0,0,0,1.4,1.4,1.1,8.000
287,Emil Krafth,Newcastle United,Sweden,RB,12,334,0,0,1,0,0,0,0,0,205,0,0,0,0,0,0,0,0,0,0,0,0,0,0,0,0,0,0,0,16,0,0,4,0,0,0,0,0,0,0,0,0,5,2,0,0,0,0,0,0,0,0,0,0,0,2.000
245,Alexander Isak,Newcastle United,Sweden,ST,34,2769,23,0,99,14,13,18,3,20,1131,1424,1242,87,20,2,10,517,435,84,6,237,132,1,1,9,2,148,55,3,17,22,6,12,303,151,50,54,19,35,0,0,0,27,1,0,0,0,0,0,0,0,0,1.1,1.1,3.1,120.000
156,Anthony Elanga,Nottingham Forest,Sweden,RW,38,2507,6,11,44,19,10,6,1,18,1216,809,655,81,76,21,28,429,331,77,9,413,209,2,3,20,15,97,43,3,20,7,2,19,271,141,52,16,8,50,0,0,0,9,1,0,0,0,0,0,0,0,0,0,0,1.5,42.000
53,Lucas Bergvall,Tottenham Hotspur,Sweden,CM,27,1206,0,1,12,3,0,0,1,0,959,980,811,83,82,23,28,286,219,77,2,189,107,0,2,2,7,104,19,1,21,25,4,39,155,88,57,67,39,58,0,0,0,20,3,0,0,0,0,0,0,0,0,1.3,1.3,0.4,38.000
289,Dejan Kulusevski,Tottenham Hotspur,Sweden,AM,32,2391,7,4,47,1,0,5,0,5,1424,953,841,88,19,4,21,307,261,85,0,278,162,0,0,0,5,111,74,5,9,22,5,45,204,126,62,26,13,50,0,0,0,48,3,0,0,0,0,0,0,0,0,0.2,0.2,0.3,50.000
11,Manuel Akanji,Manchester City,Switzerland,CB,26,2014,0,0,15,4,5,2,0,0,1900,897,795,89,7,3,43,213,171,80,2,211,96,0,0,4,3,122,5,5,62,27,4,19,241,128,53,36,18,50,0,0,0,17,3,0,0,0,0,1,0,0,0,1.6,1.6,0.4,28.000
450,Fabian Schar,Newcastle United,Switzerland,CB,34,2937,4,0,40,12,14,4,2,4,2360,515,410,80,12,3,25,174,121,70,7,226,119,1,0,11,7,79,6,10,133,12,6,36,286,116,41,55,18,33,0,0,0,35,9,1,0,0,0,0,0,0,0,2.3,2.3,0.9,7.000
518,Enes Unal,Bournemouth,Turkiye,ST,17,331,2,0,20,0,0,3,0,1,193,0,0,0,0,0,0,0,0,0,0,0,0,0,0,0,0,0,13,0,6,0,0,1,0,0,0,0,0,0,0,0,0,6,2,0,0,0,0,0,0,0,0,4,4,4.9,10.000
158,Yunus Emre Konak,Brentford,Turkiye,DM,10,36,0,0,1,0,0,0,0,0,57,0,0,0,0,0,0,0,0,0,0,0,0,0,0,0,0,0,3,0,0,0,0,4,0,0,0,0,0,0,0,0,0,3,0,0,0,0,0,0,0,0,0,0.4,0.4,0,4.500
266,Ferdi Kadioglu,Brighton,Turkiye,LB,6,388,1,0,4,0,0,1,0,0,242,0,0,0,0,0,0,0,0,0,0,0,0,0,0,0,0,0,0,1,17,0,0,10,0,0,0,0,0,0,0,0,0,5,1,0,0,0,0,0,0,0,0,1.1,1.1,1.3,25.000
46,Altay Bayindir,Manchester United,Turkiye,GK,4,360,0,0,0,0,0,0,0,0,179,0,0,0,0,0,0,0,0,0,0,0,0,0,0,0,0,0,0,1,14,0,0,0,0,0,0,0,0,0,0,0,0,0,0,0,8,0,0,0,5,4,0,1.8,1.8,0.6,8.000
560,Oleksandr Zinchenko,Arsenal,Ukraine,LB,15,522,0,0,10,0,0,0,0,1,511,0,0,0,0,0,0,0,0,0,0,0,0,0,0,0,0,0,4,1,9,0,0,6,0,0,0,0,0,0,0,0,0,8,1,0,0,0,0,0,0,0,0,4.2,4.2,1.1,20.000
559,Illia Zabarnyi,Bournemouth,Ukraine,CB,36,3113,0,0,12,29,14,1,2,0,2092,680,476,70,55,13,24,318,215,68,13,243,146,4,1,15,9,113,3,8,179,9,6,52,203,95,47,89,37,42,0,0,0,20,4,1,0,0,0,0,0,0,0,0.4,0.4,0.1,42.000
555,Yehor Yarmoliuk,Brentford,Ukraine,CM,31,1442,0,0,9,43,21,0,0,2,1016,563,447,79,20,1,5,272,199,73,5,244,119,3,1,24,8,81,21,2,31,8,8,49,197,88,45,66,30,46,0,0,0,19,6,0,0,0,0,0,0,0,0,0.8,0.8,1.6,15.000
360,Mykhailo Mudryk,Chelsea,Ukraine,LW,7,145,0,0,1,0,0,0,0,1,73,0,0,0,0,0,0,0,0,0,0,0,0,0,0,0,0,0,7,0,1,0,0,2,0,0,0,0,0,0,0,0,0,2,0,0,0,0,0,0,0,0,0,0.2,0.2,0,0.000
367,Vitaliy Mykolenko,Everton,Ukraine,LB,35,3084,1,0,14,4,7,0,0,3,1744,1015,857,84,29,8,28,316,236,75,3,211,84,0,0,0,2,107,11,10,135,27,9,63,110,56,51,32,19,59,0,0,0,22,4,0,0,0,0,1,0,0,0,0,0,0,28.000
3,Tyler Adams,Bournemouth,United States,DM,28,1965,0,3,9,9,7,2,0,0,1393,586,494,84,19,3,16,227,173,76,8,313,177,1,0,16,11,80,12,4,37,8,5,83,267,129,48,35,10,29,0,0,0,45,7,0,0,0,0,0,0,0,0,1.6,1.6,1,18.000
425,Chris Richards,Crystal Palace,United States,CB,24,1924,1,0,12,35,29,2,0,1,1148,484,314,65,1,1,100,204,107,53,2,73,32,0,0,7,2,50,5,7,113,5,6,47,100,34,34,240,94,39,0,0,0,11,2,1,0,0,0,1,0,0,0,0,0,0,14.000
428,Antonee Robinson,Fulham,United States,LB,36,3167,0,10,16,1,0,1,0,7,2647,1079,964,89,13,0,0,121,82,68,1,289,111,0,0,0,0,69,20,5,123,19,10,95,77,34,44,22,11,50,0,0,0,0,8,0,0,0,0,1,0,0,0,3.1,2.3,2.3,35.000
378,Darwin Nunez,Liverpool,Uruguay,ST,30,1118,5,0,34,12,8,8,0,12,412,348,286,82,33,6,18,180,137,76,3,151,69,1,0,9,6,50,21,0,11,5,2,21,102,43,42,17,7,41,0,0,0,27,8,0,0,0,0,0,0,0,0,0,0,0,45.000
516,Manuel Ugarte,Manchester United,Uruguay,DM,29,1789,1,2,19,12,21,0,0,0,1252,1633,1449,89,31,5,16,421,346,82,2,248,143,1,1,4,3,130,25,1,15,28,16,77,190,109,57,89,32,36,0,0,1,41,11,0,0,0,0,0,0,0,0,0.5,0.5,0.1,45.000
50,Rodrigo Bentancur,Tottenham Hotspur,Uruguay,DM,26,1653,2,0,22,19,21,0,0,1,1362,140,92,66,1,0,0,68,40,59,3,46,17,1,0,3,2,14,20,2,37,5,2,40,91,47,52,130,67,52,0,0,0,34,9,0,0,0,0,0,0,0,0,0.7,0.7,0.5,30.000
71,Santiago Bueno,Wolverhampton Wanderers,Uruguay,CB,29,1682,0,0,6,3,0,0,1,0,1046,1195,1077,90,18,7,39,325,278,86,1,292,144,0,0,4,4,109,2,4,70,28,7,41,212,102,48,44,19,43,0,0,0,26,2,0,0,0,0,0,0,0,0,0.1,0.1,0.2,10.000
276,Abdukodir Khusanov,Manchester City,Uzbekistan,CB,6,504,0,0,1,0,0,0,0,0,450,0,0,0,0,0,0,0,0,0,0,0,0,0,0,0,0,0,1,2,28,0,0,5,0,0,0,0,0,0,0,0,1,3,1,0,0,0,0,0,0,0,0,0.8,0.8,0.9,35.000
69,David Brooks,Bournemouth,Wales,RW,29,949,2,0,25,4,17,3,0,0,591,1601,1348,84,12,2,17,372,256,69,2,466,276,0,0,2,3,105,14,0,9,51,28,14,94,48,51,112,68,61,0,0,0,11,3,0,0,0,0,0,0,0,0,0.9,0.9,0.1,10.000
548,Harry Wilson,Fulham,Wales,RW,25,1157,6,0,43,4,0,2,2,1,635,1003,892,89,13,6,46,218,178,82,4,217,95,0,0,0,1,106,6,0,9,9,7,20,82,40,49,14,8,57,0,0,0,12,2,0,0,0,0,0,0,0,0,15.3,13.8,3.3,15.000
67,Nathan Broadhead,Ipswich Town,Wales,LW,18,696,2,0,13,0,0,2,0,2,363,0,0,0,0,0,0,0,0,0,0,0,0,0,0,0,0,0,15,0,5,0,0,9,0,0,0,0,0,0,0,0,0,4,1,0,0,0,0,0,0,0,0,1.2,1.2,0.7,4.500
533,Danny Ward,Leicester City,Wales,GK,2,135,0,0,0,0,0,0,0,0,59,0,0,0,0,0,0,0,0,0,0,0,0,0,0,0,0,0,0,0,1,0,0,0,0,0,0,0,0,0,0,0,0,0,0,0,4,0,0,0,0,0,0,0.1,0.1,0,1.200
75,Wes Burns,Ipswich Town,Wales,RW,18,933,0,1,7,0,0,0,0,0,394,781,709,91,1,0,0,98,82,84,0,205,99,0,0,0,3,54,13,0,12,14,9,13,76,37,49,40,27,68,0,0,0,4,1,0,0,0,0,1,0,0,0,3.9,3.9,3.1,4.000
544,Neco Williams,Nottingham Forest,Wales,RB,35,2590,1,3,37,35,13,3,1,2,1667,390,299,77,3,1,33,183,136,74,1,178,102,3,4,18,12,48,21,7,120,3,2,90,178,68,38,58,22,38,0,0,0,24,7,0,0,0,0,0,0,0,0,0,0,0,20.000
119,Ben Davies,Tottenham Hotspur,Wales,CB,17,1330,0,0,5,3,14,0,0,0,1194,320,249,78,22,2,9,93,65,70,2,90,50,0,0,1,1,57,0,3,79,13,5,17,130,52,40,37,19,51,0,0,0,17,5,0,0,0,0,1,0,0,0,2.8,2.8,8.4,6.000
259,Brennan Johnson,Tottenham Hotspur,Wales,RW,33,2179,0,3,54,29,8,9,4,12,916,2020,1647,82,85,11,13,864,647,75,31,479,245,0,3,17,16,213,17,1,10,26,6,39,307,151,49,52,23,44,0,0,0,27,5,0,0,0,0,0,0,0,0,1,1,0.2,40.000
279,Tom King,Wolverhampton Wanderers,Wales,GK,1,1,0,0,0,0,0,0,0,0,1,0,0,0,0,0,0,0,0,0,0,0,0,0,0,0,0,0,0,0,0,0,0,0,0,0,0,0,0,0,0,0,0,0,0,0,0,0,0,0,0,0,0,0.6,0.6,0.1,0.200
113,Patson Daka,Leicester City,Zambia,ST,23,721,1,0,15,0,0,1,0,3,283,0,0,0,0,0,0,0,0,0,0,0,0,0,0,0,0,0,12,0,11,0,0,19,0,0,0,0,0,0,0,0,0,15,0,0,0,0,0,0,0,0,0,0.2,0.2,1.3,9.000
361,Marshall Munetsi,Wolverhampton Wanderers,Zimbabwe,CM,14,1079,2,1,22,17,6,5,1,3,392,1389,1207,87,35,6,17,757,612,81,25,532,271,1,2,12,17,97,12,4,17,6,0,24,172,67,39,15,8,53,0,0,0,19,0,0,0,0,0,0,0,0,0,0.2,0.2,0.3,15.000
